t_days,B,F,A
0.000000000000000000e+00,5.049979163757847833e-02,9.963100285603457285e-02,1.001042649420214904e-02
1.041666666666666609e-02,5.087488530522857322e-02,9.967288890766402842e-02,9.914786551220284780e-03
2.083333333333333218e-02,5.145831089800791125e-02,9.952147927225840629e-02,1.006600715533306073e-02
3.125000000000000000e-02,5.190955134039412777e-02,9.942930334028268757e-02,1.006150134182221857e-02
4.166666666666666435e-02,5.261525558588871221e-02,9.902350333995205145e-02,1.011915340509605792e-02
5.208333333333332871e-02,5.286913483771803202e-02,9.874145697747592487e-02,1.017842290058157233e-02
6.250000000000000000e-02,5.327892219816551117e-02,9.852073001730114743e-02,1.020685730326206103e-02
7.291666666666665741e-02,5.365039239158017614e-02,9.828296582186081543e-02,1.000061448124783987e-02
8.333333333333332871e-02,5.376931825430340123e-02,9.798419554978853030e-02,1.003344221524057715e-02
9.375000000000000000e-02,5.434366902097981233e-02,9.771302029199675776e-02,9.918347416055767196e-03
1.041666666666666574e-01,5.488340504495426569e-02,9.749674913754724503e-02,9.761185336672697013e-03
1.145833333333333287e-01,5.539432212806822547e-02,9.739494633378667499e-02,9.755547469236468955e-03
1.250000000000000000e-01,5.564571636575405683e-02,9.718895098011255673e-02,9.707479562445914256e-03
1.354166666666666574e-01,5.610321798309768349e-02,9.702822779839348488e-02,9.697191785127201938e-03
1.458333333333333148e-01,5.644320751460446539e-02,9.682243114622819669e-02,9.684732812739380720e-03
1.562500000000000000e-01,5.738184397391388192e-02,9.674279184437475920e-02,9.631229220774417676e-03
1.666666666666666574e-01,5.783337367910407895e-02,9.673314746052198709e-02,9.568852200740081762e-03
1.770833333333333148e-01,5.793170697289864307e-02,9.635775647868040361e-02,9.544404649266239118e-03
1.875000000000000000e-01,5.839723415735193629e-02,9.638891075813570131e-02,9.740958875010715876e-03
1.979166666666666574e-01,5.855358035539036388e-02,9.608475146498991759e-02,9.434354994743357828e-03
2.083333333333333148e-01,5.843680605704216352e-02,9.619167699555204731e-02,9.441606413770104941e-03
2.187500000000000000e-01,5.912440213522356103e-02,9.588740633766365540e-02,9.291585608212343111e-03
2.291666666666666574e-01,5.982416374273605980e-02,9.595084350208861468e-02,9.326252944862141805e-03
2.395833333333333148e-01,6.025335858480604379e-02,9.578728483886447820e-02,9.156597456403042790e-03
2.500000000000000000e-01,6.059650127547694387e-02,9.560022399191596409e-02,8.931635663198595268e-03
2.604166666666666297e-01,6.137128050581578537e-02,9.549972108593024478e-02,9.003085061970552902e-03
2.708333333333333148e-01,6.207974585362872888e-02,9.536871702138351170e-02,9.156248112479448142e-03
2.812500000000000000e-01,6.278945216075176861e-02,9.521640273029081947e-02,8.757084002357182206e-03
2.916666666666666297e-01,6.296683621226234484e-02,9.495174474451006930e-02,9.102848978957489914e-03
3.020833333333333148e-01,6.347403493752555581e-02,9.490356113518284842e-02,9.218276254659719601e-03
3.125000000000000000e-01,6.376777023779275910e-02,9.479037416690370976e-02,9.607234470848444521e-03
3.229166666666666297e-01,6.496211198792653518e-02,9.460863982655744187e-02,9.337431206477201859e-03
3.333333333333333148e-01,6.502448292255384732e-02,9.455757022626662400e-02,9.198662376239008509e-03
3.437500000000000000e-01,6.553180198522541577e-02,9.445151671960974604e-02,9.394860857168313428e-03
3.541666666666666297e-01,6.554775387472426551e-02,9.423723993351240669e-02,9.554994788880982054e-03
3.645833333333333148e-01,6.595385344743827372e-02,9.408590732998117767e-02,9.359524811001699099e-03
3.750000000000000000e-01,6.624935764558509410e-02,9.389347003980987039e-02,9.447944327540164916e-03
3.854166666666666297e-01,6.684104269409149590e-02,9.382865031193145244e-02,9.795772073689893930e-03
3.958333333333333148e-01,6.714272961462500189e-02,9.353299073778807704e-02,9.817271414231949767e-03
4.062500000000000000e-01,6.759406231302425572e-02,9.334087836023591267e-02,1.023643414174832747e-02
4.166666666666666297e-01,6.811160065029213395e-02,9.349730031808453634e-02,1.016794212161228547e-02
4.270833333333333148e-01,6.848261634450673874e-02,9.314797439646976818e-02,1.007626003468628691e-02
4.375000000000000000e-01,6.837307005992260267e-02,9.303178232526430891e-02,1.041042437465378168e-02
4.479166666666666297e-01,6.921304883733568614e-02,9.293232413951177384e-02,1.056174007326057124e-02
4.583333333333333148e-01,6.949832525776739045e-02,9.281338524054454087e-02,1.042162542206447745e-02
4.687500000000000000e-01,6.979659945546916322e-02,9.261245276748823752e-02,1.055335853688242620e-02
4.791666666666666297e-01,7.010425808140365034e-02,9.257818886996546648e-02,1.033793701948131256e-02
4.895833333333333148e-01,7.025731094021130108e-02,9.261894972158063455e-02,1.020646026117017109e-02
5.000000000000000000e-01,7.112899871320665923e-02,9.228552718693260049e-02,1.003801949065711435e-02
5.104166666666666297e-01,7.155729641802741070e-02,9.246888987279518191e-02,9.502485275648557550e-03
5.208333333333332593e-01,7.213974200655494384e-02,9.226049626875067189e-02,9.528728422825248970e-03
5.312500000000000000e-01,7.213135084157303034e-02,9.241507078852180535e-02,9.357364147294319062e-03
5.416666666666666297e-01,7.275511989197201712e-02,9.239757414359568710e-02,9.001335854271886802e-03
5.520833333333332593e-01,7.347782809056749298e-02,9.218746232109534255e-02,8.915118011855628979e-03
5.625000000000000000e-01,7.400265193933651398e-02,9.233604771902167996e-02,8.861848557126707909e-03
5.729166666666666297e-01,7.359679086074989718e-02,9.235726093129532910e-02,8.578563948242251200e-03
5.833333333333332593e-01,7.410739491174585247e-02,9.245462837227698405e-02,8.718042503795696632e-03
5.937500000000000000e-01,7.441326435723454036e-02,9.222910993658595125e-02,8.760602003468653462e-03
6.041666666666666297e-01,7.423066596012110885e-02,9.209644676114486783e-02,8.794810973291020822e-03
6.145833333333332593e-01,7.478216166253755237e-02,9.187612571022026053e-02,8.536145227369120250e-03
6.250000000000000000e-01,7.487881446170173427e-02,9.191708004650471497e-02,8.346599117294769068e-03
6.354166666666666297e-01,7.533841488228081029e-02,9.164109165041074700e-02,8.358689152344075599e-03
6.458333333333332593e-01,7.612203461109114111e-02,9.173032269346348411e-02,8.445682488055560738e-03
6.562500000000000000e-01,7.633769042594960863e-02,9.187940710282621604e-02,8.537662076972150557e-03
6.666666666666666297e-01,7.682586299324543899e-02,9.197988850561346352e-02,8.592554006055975677e-03
6.770833333333332593e-01,7.734746209720504140e-02,9.183127549582925653e-02,8.555714967634629395e-03
6.875000000000000000e-01,7.781330718863499474e-02,9.189824330408617736e-02,8.433560944214041691e-03
6.979166666666666297e-01,7.814293286678285211e-02,9.670551252210873860e-02,8.486948664757592090e-03
7.083333333333332593e-01,7.819720847499189720e-02,1.013519817348474406e-01,8.452126574707877552e-03
7.187500000000000000e-01,7.909085467046095275e-02,1.059456169937635361e-01,8.383133892743397514e-03
7.291666666666666297e-01,8.033308867518799967e-02,1.108155562892042950e-01,8.460931891070336969e-03
7.395833333333332593e-01,8.041043881005978389e-02,1.107919332054567024e-01,8.434160947226569324e-03
7.500000000000000000e-01,8.072398739274655455e-02,1.104603045377315212e-01,8.179094066111674763e-03
7.604166666666666297e-01,8.102240009271542698e-02,1.103610040569036610e-01,8.107641073941209559e-03
7.708333333333332593e-01,8.085152868983545849e-02,1.102059239738355789e-01,7.823522132114221761e-03
7.812500000000000000e-01,8.136335732741199755e-02,1.098847892304557067e-01,8.032471648822795199e-03
7.916666666666666297e-01,8.208953142678214465e-02,1.096994241401722664e-01,8.082189927693970294e-03
8.020833333333332593e-01,8.277365856852265946e-02,1.097975827624338291e-01,8.228051924592437449e-03
8.125000000000000000e-01,8.316950520402038860e-02,1.098321785486677943e-01,8.141849604964898970e-03
8.229166666666666297e-01,8.391974275174225728e-02,1.095740092603549043e-01,7.860959955615262965e-03
8.333333333333332593e-01,8.451732521558701083e-02,1.093897768177451713e-01,7.712255144578521356e-03
8.437500000000000000e-01,8.439796968763567386e-02,1.094861744717763596e-01,7.685325570844960506e-03
8.541666666666666297e-01,8.522419014144833049e-02,1.095237100382579071e-01,7.700104257132440490e-03
8.645833333333332593e-01,8.585510764351048096e-02,1.095327225183454767e-01,7.605518543170210546e-03
8.750000000000000000e-01,8.639475061783687126e-02,1.093012902216750487e-01,7.399894042199250781e-03
8.854166666666666297e-01,8.678259810412804198e-02,1.091470796170565249e-01,7.414418643755537469e-03
8.958333333333332593e-01,8.738005786244852635e-02,1.092808170790792177e-01,7.236671774201742721e-03
9.062500000000000000e-01,8.793492670914643261e-02,1.088880738989644742e-01,7.359285102082997569e-03
9.166666666666666297e-01,8.835878084980854086e-02,1.088084336008391245e-01,7.474075729853911845e-03
9.270833333333332593e-01,8.909369267127241476e-02,1.086460325341411931e-01,7.551391198579072636e-03
9.375000000000000000e-01,8.930628184385416835e-02,1.083563944438393212e-01,7.605537994571299337e-03
9.479166666666666297e-01,9.024399059018643754e-02,1.085525602383919930e-01,7.731800288759163760e-03
9.583333333333332593e-01,9.056075360063643720e-02,1.084996219455419270e-01,7.580901352504568202e-03
9.687500000000000000e-01,9.084305080947742417e-02,1.084289550409396619e-01,7.580361683661744274e-03
9.791666666666666297e-01,9.116057629952629970e-02,1.080889941589375375e-01,7.622213224163938358e-03
9.895833333333332593e-01,9.196467913388763071e-02,1.076724828441042309e-01,7.673778800129552914e-03
1.000000000000000000e+00,9.213913506228024741e-02,1.072795902833951626e-01,7.618056605527591396e-03
1.010416666666666519e+00,9.247553776117756197e-02,1.068015127570171585e-01,7.642587973210092540e-03
1.020833333333333259e+00,9.263560913543530950e-02,1.065254914315838658e-01,7.777437944770455337e-03
1.031250000000000000e+00,9.355750783190487641e-02,1.065746530991379809e-01,7.768490124754052865e-03
1.041666666666666519e+00,9.381654291327796991e-02,1.062758672668409343e-01,7.899702359358162784e-03
1.052083333333333259e+00,9.412999394440894896e-02,1.060060214319890198e-01,7.513965566122955859e-03
1.062500000000000000e+00,9.437267234623734902e-02,1.058258945091426206e-01,7.445828155606072987e-03
1.072916666666666519e+00,9.540163797164077919e-02,1.056969483969196211e-01,7.336390815823390539e-03
1.083333333333333259e+00,9.601931797642447586e-02,1.053897590139398349e-01,7.467293642376119159e-03
1.093750000000000000e+00,9.659600862421983958e-02,1.053720160831683739e-01,7.708480445207240191e-03
1.104166666666666519e+00,9.680009161291590336e-02,1.049645363737092552e-01,7.971750039033081991e-03
1.114583333333333259e+00,9.703935296049152892e-02,1.049322929696000772e-01,7.959088611827491028e-03
1.125000000000000000e+00,9.690326673900893917e-02,1.046587824876451939e-01,7.744486082470765538e-03
1.135416666666666519e+00,9.727726166490541226e-02,1.044006666041289999e-01,7.755927400149787571e-03
1.145833333333333259e+00,9.761208551760131025e-02,1.038855214207805300e-01,7.725554308546386285e-03
1.156250000000000000e+00,9.903277544392365128e-02,1.037629392147161045e-01,7.695309020191647836e-03
1.166666666666666519e+00,9.930729133997817648e-02,1.040294246125735428e-01,7.633305540450577471e-03
1.177083333333333259e+00,9.953191887599681376e-02,1.037322885325668020e-01,7.756883281869339508e-03
1.187500000000000000e+00,1.004000748516681724e-01,1.036958978968100381e-01,7.649890928748379754e-03
1.197916666666666519e+00,1.011407291929075358e-01,1.029704025290812119e-01,7.786066282404811682e-03
1.208333333333333259e+00,1.019090681387580938e-01,1.027239449345825339e-01,7.654948772403592436e-03
1.218750000000000000e+00,1.025762694570826888e-01,1.028728005898948972e-01,7.499719980339328990e-03
1.229166666666666519e+00,1.033700009701219169e-01,1.029164613793776273e-01,7.659391967940761166e-03
1.239583333333333259e+00,1.034289475830661165e-01,1.025952293930491172e-01,7.541930089075793257e-03
1.250000000000000000e+00,1.043433763806516090e-01,1.025083682743891805e-01,7.454979511389024475e-03
1.260416666666666519e+00,1.049986370473299929e-01,1.024211641406143763e-01,7.714252461000859450e-03
1.270833333333333259e+00,1.051268245246033267e-01,1.021821215739813909e-01,7.417797907712143576e-03
1.281250000000000000e+00,1.061363203308344494e-01,1.019966798626120996e-01,7.373283285851445386e-03
1.291666666666666519e+00,1.064702417227313264e-01,1.018106431804262496e-01,7.143267264950300434e-03
1.302083333333333259e+00,1.066444101621085438e-01,1.016548376003183901e-01,7.519820106991936121e-03
1.312500000000000000e+00,1.068570955917960558e-01,1.011686949589813700e-01,7.349988986680243593e-03
1.322916666666666519e+00,1.071891903762854648e-01,1.011821824033956596e-01,7.505415583779645808e-03
1.333333333333333259e+00,1.080688847246931428e-01,1.007823146950580090e-01,7.539850941130599518e-03
1.343750000000000000e+00,1.084667120747218744e-01,1.006932918124951865e-01,7.284410413639935515e-03
1.354166666666666519e+00,1.083069548888674627e-01,1.005552254466671735e-01,7.195493882642216114e-03
1.364583333333333259e+00,1.083062292920369818e-01,1.005408877219452352e-01,7.193443999863737698e-03
1.375000000000000000e+00,1.086216487332593295e-01,1.001589016248126546e-01,6.967840652563199108e-03
1.385416666666666519e+00,1.094405771597676130e-01,1.000124268625972312e-01,7.185055213119428442e-03
1.395833333333333259e+00,1.094944088274417554e-01,9.995949470426172823e-02,7.397757739513290479e-03
1.406250000000000000e+00,1.100916382386463582e-01,9.992087536206015197e-02,7.518364341555987956e-03
1.416666666666666519e+00,1.108898445364218249e-01,9.947852121499002609e-02,7.549793155133250819e-03
1.427083333333333259e+00,1.112142244461614415e-01,9.946454616022233630e-02,7.378936395867765653e-03
1.437500000000000000e+00,1.116876308420367836e-01,9.959015492578103534e-02,7.446657280047946394e-03
1.447916666666666519e+00,1.120165946850527200e-01,9.926872797793527547e-02,7.535094877252923075e-03
1.458333333333333259e+00,1.125450333973350980e-01,9.902471831418063752e-02,7.384978540002562139e-03
1.468750000000000000e+00,1.125463729211765990e-01,9.888542283318170478e-02,7.171178164217264193e-03
1.479166666666666519e+00,1.130321100246118732e-01,9.876939618878384508e-02,7.178115434596623982e-03
1.489583333333333259e+00,1.131477609214004976e-01,9.880296528026534519e-02,7.154317081216494782e-03
1.500000000000000000e+00,1.135576030339827819e-01,9.870953032949350558e-02,6.906968142931171548e-03
1.510416666666666519e+00,1.138503674278113914e-01,9.875789511351046324e-02,6.783593522619274334e-03
1.520833333333333259e+00,1.140692218823211729e-01,9.871766552644123394e-02,6.871913238758109096e-03
1.531250000000000000e+00,1.147554632059733237e-01,9.864109075125319925e-02,6.914057608802036056e-03
1.541666666666666519e+00,1.150908039531872429e-01,9.864570121091678634e-02,6.743287655607140343e-03
1.552083333333333259e+00,1.153280975625489424e-01,9.859038640471259884e-02,6.508530023215186935e-03
1.562500000000000000e+00,1.160047481423254617e-01,9.838948747400558248e-02,6.160723431636539772e-03
1.572916666666666519e+00,1.166936180383113114e-01,9.843187014580562222e-02,6.125105543899406028e-03
1.583333333333333259e+00,1.175096358838149113e-01,9.837909185646780130e-02,6.087768451497555834e-03
1.593750000000000000e+00,1.177202652415456352e-01,9.810669679754101258e-02,6.006281492272612897e-03
1.604166666666666519e+00,1.184584768522828763e-01,9.802453894334811624e-02,5.878876845985969539e-03
1.614583333333333259e+00,1.192525967554513011e-01,9.799751241622721432e-02,5.923800625618938498e-03
1.625000000000000000e+00,1.198314705939759750e-01,9.770669264598975945e-02,6.042722443414460035e-03
1.635416666666666519e+00,1.198557032746579570e-01,9.743272093268613709e-02,5.859312918088622688e-03
1.645833333333333259e+00,1.198396403803715371e-01,9.733022797472488941e-02,5.963915621701800472e-03
1.656250000000000000e+00,1.207255921805601151e-01,9.705446889414912071e-02,5.505650737412974387e-03
1.666666666666666519e+00,1.212670274465761228e-01,9.682795882879170757e-02,5.299009069012729049e-03
1.677083333333333259e+00,1.218034908370993902e-01,9.668079793334809213e-02,4.854279938668366531e-03
1.687500000000000000e+00,1.219982808271630748e-01,9.641971820183450892e-02,4.737298604814948154e-03
1.697916666666666519e+00,1.225971649458539731e-01,9.625240154380690361e-02,4.609887478396223690e-03
1.708333333333333259e+00,1.227947345090735082e-01,9.642411370965213446e-02,4.608391693816406114e-03
1.718750000000000000e+00,1.230949355955965746e-01,9.620213236715659255e-02,4.568141561531529997e-03
1.729166666666666519e+00,1.235071231691597798e-01,1.018985041771547084e-01,4.550226752199583967e-03
1.739583333333333259e+00,1.233793568181011102e-01,1.077376296797056682e-01,4.640682326723588429e-03
1.750000000000000000e+00,1.237373797173418472e-01,1.130852937738881653e-01,4.347812859450091334e-03
1.760416666666666519e+00,1.243836798303368796e-01,1.184266432539772956e-01,4.394352318829424474e-03
1.770833333333333259e+00,1.248396879230320305e-01,1.238124105592951357e-01,4.375360090244752656e-03
1.781250000000000000e+00,1.258298371588451314e-01,1.238078484785346128e-01,4.200479454390444560e-03
1.791666666666666519e+00,1.261761455454632197e-01,1.235755555266980499e-01,4.029920610950793632e-03
1.802083333333333259e+00,1.264573179939626202e-01,1.234796898839108231e-01,3.945733343425601204e-03
1.812500000000000000e+00,1.268424946147033161e-01,1.232987118212396094e-01,4.166939302111228108e-03
1.822916666666666519e+00,1.277968627872380358e-01,1.229187477191079486e-01,4.061845513388170209e-03
1.833333333333333259e+00,1.284568442320908610e-01,1.227962396929723476e-01,4.138976186807005568e-03
1.843750000000000000e+00,1.289391298047214696e-01,1.228460368528575680e-01,4.304622991764046024e-03
1.854166666666666519e+00,1.300450416496869432e-01,1.227209121123933183e-01,4.314468073550905940e-03
1.864583333333333259e+00,1.305106303537952317e-01,1.226275081797212757e-01,4.205971761917779925e-03
1.875000000000000000e+00,1.314103518906498680e-01,1.222252932030270245e-01,4.250366241008581361e-03
1.885416666666666519e+00,1.320143037816179366e-01,1.218174378090106230e-01,4.378339660057860988e-03
1.895833333333333259e+00,1.322664440066240454e-01,1.217879127052490101e-01,4.209259810192486802e-03
1.906250000000000000e+00,1.325609441994819171e-01,1.216118324093208997e-01,4.281229567685154204e-03
1.916666666666666519e+00,1.331703688189684320e-01,1.214890091663220623e-01,4.350373456790664582e-03
1.927083333333333259e+00,1.336239482069501994e-01,1.212751894579008616e-01,4.443035351854491416e-03
1.937500000000000000e+00,1.334236027213176745e-01,1.211190609311216804e-01,4.518592056252274634e-03
1.947916666666666519e+00,1.332871431376403959e-01,1.210015602711364407e-01,4.449615072528189698e-03
1.958333333333333259e+00,1.341022864752586530e-01,1.205960913302062537e-01,4.484294097582629257e-03
1.968750000000000000e+00,1.344421550580344182e-01,1.200395080150049587e-01,4.346087921935434459e-03
1.979166666666666519e+00,1.350511196197340391e-01,1.200699406190282037e-01,4.588537236155112997e-03
1.989583333333333259e+00,1.356780972892772941e-01,1.197357839377581473e-01,4.548673126648310368e-03
2.000000000000000000e+00,1.363898698712834312e-01,1.196226434342023831e-01,4.820999217371381602e-03
2.010416666666666519e+00,1.370726357153180808e-01,1.192485030402118534e-01,4.999631742117032797e-03
2.020833333333333037e+00,1.373798013498742088e-01,1.192077184035474635e-01,5.190061566999125756e-03
2.031250000000000000e+00,1.381967812995003875e-01,1.190070314693529585e-01,5.117293496842584624e-03
2.041666666666666519e+00,1.383310595839896961e-01,1.188930775833482167e-01,5.200151287302869074e-03
2.052083333333333037e+00,1.392842517853631334e-01,1.186415198640389523e-01,5.146113379212255250e-03
2.062500000000000000e+00,1.394665494268912398e-01,1.181180020614676501e-01,5.304401099921521832e-03
2.072916666666666519e+00,1.400882993551317568e-01,1.175601037974970120e-01,5.186790285530799675e-03
2.083333333333333037e+00,1.403298677017270901e-01,1.172106492269129885e-01,5.020671545712056261e-03
2.093750000000000000e+00,1.408152210175006025e-01,1.167031171802740130e-01,4.883429114354220432e-03
2.104166666666666519e+00,1.409655875808052405e-01,1.166204990782386819e-01,5.018680310332427480e-03
2.114583333333333037e+00,1.415447491415517678e-01,1.164342186847067001e-01,5.155869587393695740e-03
2.125000000000000000e+00,1.419153967819372919e-01,1.161518254690188101e-01,4.982878898667625171e-03
2.135416666666666519e+00,1.418902309700363629e-01,1.158040999381109021e-01,4.927909087218775887e-03
2.145833333333333037e+00,1.424197585841315561e-01,1.154262161876287995e-01,5.001803154539916432e-03
2.156250000000000000e+00,1.430482109621787346e-01,1.153228881397820732e-01,5.223553358171707274e-03
2.166666666666666519e+00,1.440768914868433004e-01,1.151080592386973800e-01,5.314541457845029133e-03
2.177083333333333037e+00,1.453098342180535463e-01,1.148507692671850572e-01,5.197639577619081463e-03
2.187500000000000000e+00,1.453210076779514748e-01,1.149888813676681887e-01,5.349735261640421562e-03
2.197916666666666519e+00,1.462208532386798376e-01,1.147064640725210249e-01,5.304981226983081048e-03
2.208333333333333037e+00,1.463803780870664151e-01,1.142920908596411766e-01,5.253949260407736119e-03
2.218750000000000000e+00,1.468228978797482820e-01,1.143117534196511492e-01,5.479449637801287430e-03
2.229166666666666519e+00,1.469070603407222897e-01,1.143750096564114249e-01,5.705186860155401878e-03
2.239583333333333037e+00,1.473999755128337086e-01,1.143012560762110413e-01,5.964736525461933510e-03
2.250000000000000000e+00,1.477274271427061469e-01,1.143046435580135495e-01,5.828276342002855145e-03
2.260416666666666519e+00,1.480138672094678254e-01,1.139626067201201659e-01,5.543132842450356965e-03
2.270833333333333037e+00,1.490453629907016464e-01,1.138720969236189789e-01,5.496761133443137798e-03
2.281250000000000000e+00,1.493670675542564663e-01,1.137782477928443170e-01,5.430193712122615042e-03
2.291666666666666519e+00,1.505150942228691835e-01,1.136188331225475578e-01,5.219567163929676734e-03
2.302083333333333037e+00,1.509617280008601903e-01,1.134383817232292174e-01,4.964066958250576596e-03
2.312500000000000000e+00,1.515292913412296660e-01,1.134086212201589478e-01,4.876705682485261290e-03
2.322916666666666519e+00,1.525858926234441026e-01,1.132065626705529432e-01,4.607557850867264639e-03
2.333333333333333037e+00,1.533939660531505877e-01,1.130117058309857148e-01,4.463688080420920301e-03
2.343750000000000000e+00,1.542998369617896437e-01,1.125437421935915200e-01,4.575758495076467751e-03
2.354166666666666519e+00,1.552049647188457060e-01,1.120743367567738763e-01,4.598657869971030897e-03
2.364583333333333037e+00,1.552399027033396217e-01,1.119464481539361317e-01,4.535006742453617963e-03
2.375000000000000000e+00,1.558593635514866349e-01,1.116515916078344162e-01,4.787045203180522943e-03
2.385416666666666519e+00,1.564924423546611709e-01,1.165640831358043944e-01,4.928075605295417598e-03
2.395833333333333037e+00,1.568085789000759900e-01,1.216302881607751740e-01,4.936666889590525520e-03
2.406250000000000000e+00,1.576905644078794577e-01,1.266228095315671265e-01,5.054336226394549360e-03
2.416666666666666519e+00,1.584050417093338381e-01,1.316617529792666608e-01,5.010093443292304959e-03
2.427083333333333037e+00,1.590464865582825182e-01,1.366641435399860438e-01,4.915632169189752994e-03
2.437500000000000000e+00,1.596506125358940764e-01,1.414845194317138621e-01,4.782637224938283450e-03
2.447916666666666519e+00,1.604533903891441626e-01,1.414035424074035485e-01,4.769003376996578010e-03
2.458333333333333037e+00,1.615169769591524862e-01,1.412163605006081513e-01,4.857222795038682039e-03
2.468750000000000000e+00,1.617636729217223346e-01,1.410419824520354748e-01,5.095747227150539127e-03
2.479166666666666519e+00,1.616728190692163780e-01,1.410474581871929700e-01,5.145106960265073172e-03
2.489583333333333037e+00,1.619499580194743438e-01,1.404975434094385134e-01,4.799939090868768701e-03
2.500000000000000000e+00,1.627265609362954502e-01,1.403113421477425182e-01,4.873461114111655827e-03
2.510416666666666519e+00,1.625239674724981709e-01,1.403097031544443818e-01,4.749261552290157465e-03
2.520833333333333037e+00,1.624090918539414508e-01,1.402070186856336775e-01,5.005554393100936951e-03
2.531250000000000000e+00,1.632774813254623258e-01,1.401212154679509214e-01,4.914603880295280273e-03
2.541666666666666519e+00,1.637826482885054724e-01,1.396975738343620155e-01,4.751278736551208318e-03
2.552083333333333037e+00,1.650306864316383737e-01,1.395280306982144836e-01,4.871288766586890848e-03
2.562500000000000000e+00,1.652805053413243241e-01,1.393475277038463689e-01,4.580976025740134475e-03
2.572916666666666519e+00,1.657092130186825218e-01,1.391887276230343307e-01,4.693897800556172395e-03
2.583333333333333037e+00,1.663426893171785215e-01,1.390069505305680242e-01,4.773683783350403560e-03
2.593750000000000000e+00,1.675131522376052118e-01,1.389316651231766730e-01,4.874578925012227476e-03
2.604166666666666519e+00,1.676875885589429183e-01,1.390903502258352409e-01,4.933349242719693370e-03
2.614583333333333037e+00,1.683247035015771331e-01,1.386784557637151249e-01,4.932697230010650927e-03
2.625000000000000000e+00,1.685483599826403389e-01,1.385513838794681374e-01,4.947693806538471829e-03
2.635416666666666519e+00,1.687858646026504650e-01,1.384547578751310071e-01,4.927116272223981686e-03
2.645833333333333037e+00,1.690660331072019185e-01,1.381258983211709201e-01,4.934902208990565864e-03
2.656250000000000000e+00,1.696769535557726416e-01,1.380340194316973801e-01,5.279013838728636825e-03
2.666666666666666519e+00,1.692244510296448123e-01,1.380213453283830327e-01,5.166119870518634007e-03
2.677083333333333037e+00,1.695136802127210074e-01,1.380102999342780190e-01,5.132421906806364231e-03
2.687500000000000000e+00,1.705050675963099838e-01,1.378174415917353957e-01,5.242679062429477475e-03
2.697916666666666519e+00,1.709806387088768920e-01,1.376801989274659133e-01,5.171170377731356717e-03
2.708333333333333037e+00,1.716769865990055710e-01,1.376169299752828257e-01,5.155708442569157703e-03
2.718750000000000000e+00,1.726215773745647664e-01,1.376363958753104022e-01,5.196420511572034939e-03
2.729166666666666519e+00,1.730125052206880343e-01,1.374890693606052872e-01,5.245596506702363167e-03
2.739583333333333037e+00,1.740290088915903699e-01,1.372333885539539500e-01,5.079993021799614726e-03
2.750000000000000000e+00,1.746315048980902063e-01,1.368994685397178779e-01,5.249549458616355017e-03
2.760416666666666519e+00,1.745574371322025642e-01,1.364146429328476073e-01,5.004543720929622609e-03
2.770833333333333037e+00,1.756652878697487763e-01,1.359075972829184020e-01,5.015776563387651203e-03
2.781250000000000000e+00,1.760803572989402266e-01,1.358562954273338785e-01,5.092610037295278863e-03
2.791666666666666519e+00,1.760417121478037306e-01,1.356395295562366488e-01,5.273952572645088620e-03
2.802083333333333037e+00,1.769654576984161232e-01,1.353342979854017802e-01,5.296761882479177931e-03
2.812500000000000000e+00,1.775643268310270473e-01,1.350766094576880405e-01,5.400045598512690816e-03
2.822916666666666519e+00,1.774328551763821038e-01,1.349017339967838458e-01,5.623644632565483192e-03
2.833333333333333037e+00,1.779266858771683391e-01,1.344956774484641071e-01,5.246991987135088409e-03
2.843750000000000000e+00,1.785836830620037841e-01,1.342531944645805331e-01,5.267603535080381955e-03
2.854166666666666519e+00,1.788914606414203634e-01,1.339249199364897225e-01,5.333563571563228536e-03
2.864583333333333037e+00,1.796564746080849539e-01,1.342213738430909631e-01,5.411754522674628795e-03
2.875000000000000000e+00,1.804106064167332324e-01,1.341034082009938122e-01,5.375729916464438291e-03
2.885416666666666519e+00,1.809848042019405190e-01,1.338653302240979115e-01,5.232700788563176414e-03
2.895833333333333037e+00,1.813592224492654448e-01,1.337719732476321810e-01,5.109129674027742922e-03
2.906250000000000000e+00,1.818333663944377288e-01,1.332130064725452478e-01,5.017601588168997019e-03
2.916666666666666519e+00,1.821263699030972183e-01,1.327958251067478668e-01,4.846624932722824221e-03
2.927083333333333037e+00,1.820458432619482814e-01,1.327471225869641391e-01,4.790871149262842903e-03
2.937500000000000000e+00,1.819711520376390279e-01,1.323355073361550949e-01,4.735407796618249301e-03
2.947916666666666519e+00,1.817660374873648343e-01,1.323116748728612457e-01,4.667700203541126983e-03
2.958333333333333037e+00,1.818893688145100940e-01,1.320333457043328940e-01,4.578007674376339750e-03
2.968750000000000000e+00,1.823854632210901716e-01,1.318781852462098114e-01,4.908282252266928623e-03
2.979166666666666519e+00,1.828309381983586057e-01,1.317069929668785444e-01,4.934539909352092697e-03
2.989583333333333037e+00,1.835276632606576142e-01,1.315222796037924247e-01,4.976108413582538796e-03
3.000000000000000000e+00,1.843829746638925293e-01,1.311380136858196488e-01,4.752291806759120947e-03
3.010416666666666519e+00,1.848079392238697327e-01,1.311826915378952185e-01,4.528439780567035042e-03
3.020833333333333037e+00,1.855737712612133827e-01,1.309532553735655303e-01,4.607577413228817337e-03
3.031250000000000000e+00,1.862325554121231075e-01,1.308770567925749417e-01,4.679579422007024495e-03
3.041666666666666519e+00,1.871749856702833448e-01,1.306787518685544325e-01,4.525746897459774661e-03
3.052083333333333037e+00,1.881500094539742540e-01,1.301907271377375774e-01,4.371267392934444392e-03
3.062500000000000000e+00,1.883373081342579192e-01,1.299529686710866605e-01,4.507305700643298232e-03
3.072916666666666519e+00,1.893917203517810899e-01,1.296850441799243525e-01,4.315323912610047677e-03
3.083333333333333037e+00,1.901902051729581211e-01,1.290145131893354613e-01,4.440764344534339249e-03
3.093750000000000000e+00,1.908619843269521721e-01,1.289262283248901464e-01,4.438868059581116410e-03
3.104166666666666519e+00,1.915877125122357749e-01,1.286000735346832513e-01,4.652055474653299730e-03
3.114583333333333037e+00,1.920091512094702635e-01,1.284775309405364330e-01,4.745091240034937999e-03
3.125000000000000000e+00,1.926590355318108516e-01,1.285953071820075400e-01,4.701199919454818361e-03
3.135416666666666519e+00,1.931606472196217283e-01,1.282536499806331276e-01,4.614251195665323990e-03
3.145833333333333037e+00,1.935827767176190595e-01,1.283406664024044352e-01,4.522339475766134174e-03
3.156250000000000000e+00,1.934426560755695690e-01,1.280884091099551703e-01,4.604715455822550388e-03
3.166666666666666519e+00,1.947829574661764374e-01,1.278173251466379889e-01,4.736411498880774631e-03
3.177083333333333037e+00,1.953787296097246884e-01,1.274802293308919254e-01,4.506160608005902943e-03
3.187500000000000000e+00,1.963663933145350371e-01,1.269268243540304097e-01,4.376633007128119708e-03
3.197916666666666519e+00,1.966158212927837101e-01,1.269972255511996606e-01,4.196778405213113031e-03
3.208333333333333037e+00,1.965260108321713606e-01,1.265891380909087982e-01,4.137885560976329626e-03
3.218750000000000000e+00,1.970623871011416561e-01,1.262133780233559155e-01,4.242071580539436004e-03
3.229166666666666519e+00,1.978510160808287233e-01,1.259578973864740603e-01,4.463616506852849733e-03
3.239583333333333037e+00,1.985443083526407804e-01,1.253825472995518664e-01,4.505056451031596090e-03
3.250000000000000000e+00,1.998910004884493496e-01,1.249073162449812063e-01,4.429188487422526521e-03
3.260416666666666519e+00,2.002820927671926654e-01,1.245909619480385644e-01,4.532419266014396479e-03
3.270833333333333037e+00,2.010090268735286456e-01,1.243076456831879312e-01,4.343767627395197541e-03
3.281250000000000000e+00,2.016885070100843391e-01,1.239684249260515486e-01,4.418937861436894425e-03
3.291666666666666519e+00,2.020893881808465409e-01,1.236870657942695240e-01,4.242142293338385661e-03
3.302083333333333037e+00,2.028216749788899209e-01,1.233461319230818448e-01,4.126464804247498286e-03
3.312500000000000000e+00,2.031749264004341915e-01,1.233339842920530699e-01,4.303502919393763226e-03
3.322916666666666519e+00,2.044221633969773300e-01,1.230417283732185146e-01,4.210616619634124751e-03
3.333333333333333037e+00,2.048240756153409114e-01,1.231672920754189465e-01,4.079092317959188800e-03
3.343750000000000000e+00,2.047148582776366355e-01,1.227903686071686873e-01,4.110611408617946896e-03
3.354166666666666519e+00,2.049499698463580211e-01,1.223434592439329310e-01,4.167194198705934452e-03
3.364583333333333037e+00,2.053497090033694628e-01,1.221803009634804538e-01,4.092938935408574341e-03
3.375000000000000000e+00,2.059943143231178497e-01,1.215379704746690492e-01,3.872956611801653490e-03
3.385416666666666519e+00,2.059316630441148377e-01,1.213107816795387928e-01,4.016371032441337294e-03
3.395833333333333037e+00,2.062544554974624356e-01,1.209341500032281996e-01,3.889093781074491260e-03
3.406250000000000000e+00,2.064630022799230080e-01,1.208199051636154320e-01,3.924868005858801051e-03
3.416666666666666519e+00,2.073233066768202237e-01,1.208819759751563194e-01,3.858655341527045691e-03
3.427083333333333037e+00,2.085037773477536327e-01,1.204707799587348693e-01,3.683013218845813605e-03
3.437500000000000000e+00,2.087485757235077455e-01,1.201691191698140704e-01,3.637629617442096879e-03
3.447916666666666519e+00,2.094485830793067493e-01,1.202163612849973806e-01,3.513479430891012015e-03
3.458333333333333037e+00,2.097760671934522092e-01,1.200610947404274070e-01,3.328199505626310787e-03
3.468750000000000000e+00,2.102062681097313923e-01,1.200637271299586500e-01,3.454737821221773135e-03
3.479166666666666519e+00,2.108097410374529523e-01,1.200210807446468048e-01,3.673621276800841974e-03
3.489583333333333037e+00,2.109233106662916357e-01,1.197544667038625554e-01,3.488020185576079339e-03
3.500000000000000000e+00,2.113901980649318113e-01,1.198151449871846935e-01,3.358558983683791310e-03
3.510416666666666519e+00,2.116307165700188064e-01,1.196602927312421516e-01,3.396932074301168593e-03
3.520833333333333037e+00,2.122275922358980715e-01,1.194488749117710441e-01,3.501545331581367403e-03
3.531250000000000000e+00,2.123070523343070226e-01,1.189649159804683082e-01,3.380254543251584847e-03
3.541666666666666519e+00,2.129332971869340452e-01,1.190136170091214279e-01,3.358975730734954472e-03
3.552083333333333037e+00,2.130171948597103238e-01,1.187034749804274369e-01,3.586728686623033568e-03
3.562500000000000000e+00,2.139270073531265026e-01,1.187123514253066309e-01,3.360956991913084668e-03
3.572916666666666519e+00,2.142659736666273351e-01,1.186947053675250913e-01,3.386851577475825589e-03
3.583333333333333037e+00,2.143669883109103336e-01,1.183309188279142721e-01,3.544680881738668330e-03
3.593750000000000000e+00,2.143976725048841458e-01,1.187326704871562999e-01,3.527871414626058012e-03
3.604166666666666519e+00,2.147856037657845107e-01,1.186107347473259743e-01,3.401077883063903864e-03
3.614583333333333037e+00,2.150736939780833745e-01,1.184216477159168585e-01,3.334361701366006167e-03
3.625000000000000000e+00,2.152620304047528355e-01,1.186322911064837810e-01,3.188340032036180577e-03
3.635416666666666519e+00,2.156891873708602358e-01,1.184484900753677294e-01,3.221296194602188325e-03
3.645833333333333037e+00,2.163771797761140925e-01,1.183098938892355317e-01,3.320159360085651445e-03
3.656250000000000000e+00,2.177420324431402210e-01,1.184903039460502988e-01,3.364402405112888392e-03
3.666666666666666519e+00,2.190311811666099118e-01,1.184700256109646882e-01,3.418713769344591813e-03
3.677083333333333037e+00,2.194632323627442871e-01,1.182767968862787900e-01,3.404256241027444133e-03
3.687500000000000000e+00,2.197888646275876212e-01,1.245871404647543174e-01,3.150982342119270068e-03
3.697916666666666519e+00,2.203060529230036757e-01,1.304427811116996294e-01,3.098107016988434648e-03
3.708333333333333037e+00,2.201700841797980535e-01,1.365552104310658321e-01,3.159452958489593344e-03
3.718750000000000000e+00,2.205970078383049648e-01,1.424307453970187487e-01,3.115694568375169862e-03
3.729166666666666519e+00,2.208286934830483439e-01,1.481486086445068240e-01,3.399927691083800933e-03
3.739583333333333037e+00,2.212664591816310422e-01,1.475783865242601411e-01,3.654068344479615739e-03
3.750000000000000000e+00,2.214647260474097157e-01,1.474808413564243637e-01,3.492396142008675694e-03
3.760416666666666519e+00,2.223303223051910915e-01,1.473210689261000850e-01,3.342751518839330582e-03
3.770833333333333037e+00,2.218585219319655633e-01,1.469411636622830475e-01,3.278584170041903487e-03
3.781250000000000000e+00,2.230577296494181128e-01,1.466846675067823569e-01,3.130164155537060178e-03
3.791666666666666519e+00,2.235388750067508479e-01,1.461435381267720823e-01,2.975641773457461062e-03
3.802083333333333037e+00,2.245617391712535771e-01,1.460816564735384349e-01,2.958350302272188398e-03
3.812500000000000000e+00,2.245475323883734942e-01,1.455678574007719384e-01,2.948413582398117135e-03
3.822916666666666519e+00,2.252025164988205597e-01,1.454175521264843562e-01,2.814531504352121155e-03
3.833333333333333037e+00,2.260832379666218583e-01,1.452698282865681478e-01,2.742851041880471456e-03
3.843750000000000000e+00,2.267467891211046582e-01,1.448834321081242105e-01,2.683542259086089087e-03
3.854166666666666519e+00,2.271667653496304562e-01,1.443726634121471897e-01,2.683261110141204903e-03
3.864583333333333037e+00,2.277469689578827394e-01,1.442398304379950980e-01,2.686157631219610216e-03
3.875000000000000000e+00,2.286182362414047875e-01,1.441504945628982182e-01,2.763250740311707851e-03
3.885416666666666519e+00,2.291851633739817040e-01,1.440693941029713709e-01,2.746249725305740467e-03
3.895833333333333037e+00,2.291635246016489602e-01,1.436195358032531233e-01,2.733258958913638292e-03
3.906250000000000000e+00,2.297790090876087876e-01,1.432968330559281356e-01,2.687516430285300916e-03
3.916666666666666519e+00,2.307357929421508524e-01,1.428847352589456832e-01,2.629461998541909352e-03
3.927083333333333037e+00,2.313442462011011114e-01,1.424934422039131898e-01,2.808394725750912573e-03
3.937500000000000000e+00,2.313732478337068854e-01,1.420361182542977108e-01,2.859830930560320911e-03
3.947916666666666519e+00,2.322111350983497025e-01,1.418887573483292586e-01,2.882879957784470742e-03
3.958333333333333037e+00,2.322053053307281678e-01,1.415148708984219350e-01,3.034019875507685659e-03
3.968750000000000000e+00,2.328911895026097023e-01,1.411998814473386099e-01,3.003907204477226055e-03
3.979166666666666519e+00,2.337415662719296849e-01,1.409439865766618227e-01,3.068021488133689922e-03
3.989583333333333037e+00,2.345711229373095008e-01,1.406409952130502350e-01,3.205240878891426910e-03
4.000000000000000000e+00,2.348398459146614492e-01,1.406217031367964776e-01,3.039616302221239547e-03
4.010416666666666075e+00,2.348640312423293797e-01,1.403429812173938862e-01,2.934693286285100598e-03
4.020833333333333037e+00,2.345968384466773915e-01,1.396005019283969306e-01,2.975636648371759747e-03
4.031250000000000000e+00,2.345420357776660247e-01,1.392909285815270293e-01,2.976697963296667197e-03
4.041666666666666075e+00,2.348852993995566296e-01,1.388476221679187939e-01,3.106798867934683350e-03
4.052083333333333037e+00,2.358426678161952283e-01,1.385089827679521213e-01,2.925223887115336284e-03
4.062500000000000000e+00,2.360707960801156635e-01,1.380670174852633991e-01,2.854561520663503014e-03
4.072916666666666075e+00,2.367538770180789565e-01,1.375418543116081749e-01,2.899997281877830183e-03
4.083333333333333037e+00,2.371556403903799237e-01,1.370610271732731200e-01,3.108821420038491296e-03
4.093750000000000000e+00,2.380309837235629056e-01,1.363545710620302220e-01,3.024560819935013037e-03
4.104166666666666075e+00,2.385676555458889070e-01,1.362625118794581480e-01,2.840275493608183585e-03
4.114583333333333037e+00,2.386929286281753992e-01,1.358515672256470075e-01,2.802490325853137804e-03
4.125000000000000000e+00,2.394950807848478802e-01,1.353626160790968314e-01,3.047659556305571359e-03
4.135416666666666075e+00,2.405917866076350831e-01,1.346390580532718095e-01,3.101730111109265910e-03
4.145833333333333037e+00,2.403048562733092475e-01,1.340448585947490445e-01,3.171508192279089752e-03
4.156250000000000000e+00,2.409081487917933140e-01,1.336992886725531238e-01,3.059247672078606491e-03
4.166666666666666075e+00,2.419595709793629090e-01,1.333131665987684900e-01,2.926728289108241222e-03
4.177083333333333037e+00,2.418359072761218920e-01,1.331500410599076312e-01,2.867601983214569661e-03
4.187500000000000000e+00,2.418982558045384978e-01,1.325352040831507261e-01,2.637822117804608686e-03
4.197916666666666075e+00,2.418157094651003924e-01,1.320955569139025121e-01,2.677841221640405930e-03
4.208333333333333037e+00,2.418340845130046712e-01,1.320100711761776069e-01,2.475951385936490771e-03
4.218750000000000000e+00,2.418362523949538212e-01,1.315044994245802568e-01,2.635709770939329271e-03
4.229166666666666075e+00,2.420329929267923674e-01,1.309826423624695091e-01,2.565932473695537158e-03
4.239583333333333037e+00,2.428325950558934687e-01,1.303834277472523673e-01,2.575208488333482863e-03
4.250000000000000000e+00,2.435613148943653328e-01,1.300603710057656182e-01,2.653511578943799475e-03
4.260416666666666075e+00,2.442235299886066080e-01,1.297842137638683113e-01,2.512247184897409887e-03
4.270833333333333037e+00,2.447687104427458682e-01,1.294876061974544468e-01,2.609606329706760149e-03
4.281250000000000000e+00,2.454538509467947272e-01,1.291137471775345158e-01,2.479196800306223553e-03
4.291666666666666075e+00,2.457566259765213978e-01,1.290732429746391241e-01,2.699343517038585438e-03
4.302083333333333037e+00,2.460716363495211723e-01,1.285300480347735530e-01,2.669237644451293197e-03
4.312500000000000000e+00,2.461254996245407223e-01,1.284931172664770249e-01,2.482119901373054400e-03
4.322916666666666075e+00,2.473520300985623255e-01,1.280573479097695810e-01,2.384925836152565568e-03
4.333333333333333037e+00,2.478211930892076642e-01,1.276151825195836753e-01,2.454217859573353325e-03
4.343750000000000000e+00,2.489185172261192125e-01,1.271092821932254535e-01,2.290424898624279261e-03
4.354166666666666075e+00,2.486496878848891978e-01,1.266841060392237539e-01,2.254162272702313948e-03
4.364583333333333037e+00,2.494760818757068566e-01,1.261418679594199510e-01,2.286987775842990855e-03
4.375000000000000000e+00,2.499122588381433863e-01,1.256175936854751207e-01,2.380737270454312549e-03
4.385416666666666075e+00,2.507527339484112994e-01,1.252425123822189512e-01,2.297401306050852760e-03
4.395833333333333037e+00,2.511258211169398180e-01,1.314062893556469935e-01,2.346732774046412281e-03
4.406250000000000000e+00,2.517852131664078952e-01,1.372761023980154094e-01,2.354438340573318175e-03
4.416666666666666075e+00,2.526062521089369461e-01,1.432767340938972678e-01,2.370791298252151839e-03
4.427083333333333037e+00,2.531212381318573290e-01,1.494148695241092617e-01,2.355499281782637202e-03
4.437500000000000000e+00,2.531874259528424376e-01,1.493408805536456108e-01,2.431815248873919234e-03
4.447916666666666075e+00,2.532742190690207562e-01,1.491972583392635610e-01,2.443413107762006098e-03
4.458333333333333037e+00,2.537940643209968816e-01,1.492240970725807747e-01,2.144928773617885403e-03
4.468750000000000000e+00,2.544391690133618877e-01,1.486893987853842025e-01,2.151931375538535755e-03
4.479166666666666075e+00,2.549483792112001712e-01,1.481562059601615189e-01,2.239854209247509401e-03
4.489583333333333037e+00,2.548109457286189539e-01,1.479373166642710680e-01,2.528636382178825817e-03
4.500000000000000000e+00,2.551272814689574120e-01,1.478986010703559617e-01,2.570685937165596499e-03
4.510416666666666075e+00,2.552392098732333969e-01,1.472872830404952649e-01,2.375251134168009266e-03
4.520833333333333037e+00,2.561074597635705219e-01,1.468603602318152290e-01,2.361663708134688865e-03
4.531250000000000000e+00,2.567468658883904631e-01,1.465650212121452911e-01,2.385789273419628223e-03
4.541666666666666075e+00,2.566572542107486421e-01,1.464788444397688294e-01,2.454893062661883153e-03
4.552083333333333037e+00,2.578397729583183362e-01,1.464817026311857062e-01,2.597078489047814458e-03
4.562500000000000000e+00,2.584927607753351730e-01,1.460574605164229045e-01,2.407807570593057701e-03
4.572916666666666075e+00,2.590555143984750730e-01,1.454429848676776493e-01,2.590640115688361625e-03
4.583333333333333037e+00,2.595046036210735263e-01,1.452245940271290336e-01,2.557785011891271741e-03
4.593750000000000000e+00,2.602668621284581207e-01,1.452660910648924109e-01,2.581662734869323572e-03
4.604166666666666075e+00,2.606773596398700987e-01,1.452119319422365551e-01,2.708930231640861459e-03
4.614583333333333037e+00,2.615234289875199569e-01,1.452658702547413860e-01,2.480787437495590459e-03
4.625000000000000000e+00,2.625791645347079206e-01,1.450189697416331691e-01,2.689981831982104880e-03
4.635416666666666075e+00,2.622951372492656197e-01,1.448569269096142975e-01,2.702209131134877818e-03
4.645833333333333037e+00,2.630470229247737213e-01,1.445049335925296385e-01,2.653118415106626472e-03
4.656250000000000000e+00,2.639480063309136426e-01,1.444783788713067674e-01,2.762379748331217875e-03
4.666666666666666075e+00,2.646745753135208989e-01,1.442240585833935440e-01,2.779266013401401371e-03
4.677083333333333037e+00,2.648727259444574877e-01,1.436737192897913351e-01,2.909731861914597890e-03
4.687500000000000000e+00,2.649586960494755283e-01,1.435892374732492816e-01,2.908799082682061391e-03
4.697916666666666075e+00,2.645382932681530908e-01,1.433478095969318300e-01,3.089572593072349108e-03
4.708333333333333037e+00,2.650100659647556811e-01,1.430691164894767609e-01,3.077175093898536218e-03
4.718750000000000000e+00,2.653889728517145330e-01,1.426469453961586586e-01,3.081921542774738402e-03
4.729166666666666075e+00,2.660064031906666515e-01,1.426928410977498785e-01,2.954575482264780277e-03
4.739583333333333037e+00,2.668885957353943628e-01,1.424426936010093625e-01,2.914394097801714482e-03
4.750000000000000000e+00,2.672325418361999882e-01,1.419734786843900032e-01,3.082308270315154992e-03
4.760416666666666075e+00,2.674719425529532013e-01,1.415511455793830309e-01,3.156943400046218970e-03
4.770833333333333037e+00,2.670994389870893215e-01,1.411879607051760299e-01,3.001085637220938900e-03
4.781250000000000000e+00,2.677674626123149881e-01,1.408694032498599147e-01,2.935491426459603450e-03
4.791666666666666075e+00,2.686029833901025232e-01,1.406166110970033800e-01,2.831227474374942068e-03
4.802083333333333037e+00,2.689391361414084636e-01,1.402386200186651888e-01,2.669011404908936888e-03
4.812500000000000000e+00,2.695622397749042332e-01,1.401489895854859113e-01,2.744272335425233453e-03
4.822916666666666075e+00,2.699251621921922029e-01,1.401031433785863700e-01,2.736749319117873312e-03
4.833333333333333037e+00,2.703608820811744251e-01,1.396344385495272011e-01,2.895738172802082670e-03
4.843750000000000000e+00,2.702509483988272954e-01,1.394606938379877870e-01,2.986356743266606589e-03
4.854166666666666075e+00,2.712994009421959563e-01,1.392603590864241181e-01,3.087766399065685046e-03
4.864583333333333037e+00,2.722344368891584931e-01,1.389214456249034946e-01,3.039147700987906466e-03
4.875000000000000000e+00,2.731400643891978008e-01,1.387822408525657414e-01,2.772422019295294610e-03
4.885416666666666075e+00,2.742906504615175711e-01,1.382641552160695786e-01,2.768389656464923659e-03
4.895833333333333037e+00,2.746513904977224141e-01,1.379045500120787970e-01,2.533766586391972102e-03
4.906250000000000000e+00,2.752371536292579357e-01,1.375211910813372851e-01,2.521313222207282375e-03
4.916666666666666075e+00,2.756174845523152173e-01,1.372105583592506672e-01,2.539002945495008514e-03
4.927083333333333037e+00,2.753441934817981718e-01,1.370134311449541509e-01,2.669186929830674303e-03
4.937500000000000000e+00,2.758509478251823799e-01,1.368086906137215286e-01,2.755133700635510434e-03
4.947916666666666075e+00,2.762312227390749109e-01,1.367006908281275246e-01,2.635893593859598046e-03
4.958333333333333037e+00,2.770716404629889329e-01,1.366155100024674940e-01,2.704692098378818840e-03
4.968750000000000000e+00,2.768880862161373080e-01,1.363405945329639046e-01,2.513328420663328826e-03
4.979166666666666075e+00,2.779712363802716579e-01,1.359930054737275573e-01,2.426200422340828861e-03
4.989583333333333037e+00,2.780231075503126204e-01,1.357669305795259351e-01,2.284091360344811528e-03
5.000000000000000000e+00,2.793495710679931854e-01,1.356843926840792525e-01,2.283864153247765639e-03
5.010416666666666075e+00,2.797685924939715685e-01,1.352604418680927179e-01,2.377466540685011474e-03
5.020833333333333037e+00,2.804734336947986573e-01,1.348967286731198589e-01,2.471274133147169372e-03
5.031250000000000000e+00,2.815726662171894601e-01,1.345161502387012264e-01,2.335342093096720237e-03
5.041666666666666075e+00,2.820752524298636432e-01,1.341078591443428669e-01,2.506946512869426529e-03
5.052083333333333037e+00,2.824474611938416202e-01,1.335708953091447326e-01,2.530499551519284959e-03
5.062500000000000000e+00,2.823760010797971565e-01,1.330801648352315514e-01,2.474676162870605763e-03
5.072916666666666075e+00,2.833448328124872351e-01,1.328561145610323013e-01,2.541093195654600071e-03
5.083333333333333037e+00,2.836165288010958907e-01,1.326172100040303725e-01,2.701767161094291870e-03
5.093750000000000000e+00,2.842499229834593022e-01,1.326770459676457625e-01,2.746773588078174795e-03
5.104166666666666075e+00,2.849347792008120606e-01,1.326099076247838626e-01,2.972088681153124256e-03
5.114583333333333037e+00,2.857763655980102291e-01,1.324337285609886172e-01,3.077899245934485710e-03
5.125000000000000000e+00,2.867184081590352651e-01,1.321789517643162659e-01,3.210323944416965374e-03
5.135416666666666075e+00,2.874742713101114400e-01,1.316814838532645859e-01,3.314005929146373632e-03
5.145833333333333037e+00,2.876668289766453612e-01,1.312245296274258399e-01,3.312239533770609118e-03
5.156250000000000000e+00,2.879411138391376745e-01,1.305446830634166555e-01,3.344580002068224273e-03
5.166666666666666075e+00,2.872999703090526880e-01,1.303987047999268234e-01,3.349019082725975763e-03
5.177083333333333037e+00,2.882154647655045809e-01,1.302963303876900070e-01,3.379022081846800793e-03
5.187500000000000000e+00,2.882886552080804465e-01,1.298632949272429671e-01,3.255287989318666857e-03
5.197916666666666075e+00,2.890979286012674287e-01,1.293627434500824736e-01,3.043248645794413738e-03
5.208333333333333037e+00,2.895572403823375995e-01,1.284439014617162755e-01,3.152912173230273344e-03
5.218750000000000000e+00,2.897616542693491892e-01,1.281555341072276311e-01,3.043547584930361271e-03
5.229166666666666075e+00,2.898774508644061387e-01,1.280422676591244646e-01,2.966151774135609119e-03
5.239583333333333037e+00,2.900609007477792378e-01,1.278867947330713517e-01,2.929472131811271338e-03
5.250000000000000000e+00,2.902975225731161957e-01,1.274442193111373911e-01,3.030073137612298607e-03
5.260416666666666075e+00,2.906215534237853171e-01,1.271257999780226189e-01,2.916420852769963015e-03
5.270833333333333037e+00,2.905724942644419828e-01,1.268853529935259628e-01,2.763780168370894019e-03
5.281250000000000000e+00,2.908220267894947031e-01,1.264964473202093709e-01,2.804685621791382609e-03
5.291666666666666075e+00,2.913546830908945728e-01,1.262507378419114312e-01,2.971569276247048100e-03
5.302083333333333037e+00,2.918497235535269518e-01,1.260389423925786234e-01,2.817760708058637212e-03
5.312500000000000000e+00,2.927861019186798197e-01,1.258880147599625021e-01,2.868141412368874557e-03
5.322916666666666075e+00,2.934403820314120392e-01,1.257206075878170015e-01,2.880962788013995569e-03
5.333333333333333037e+00,2.937084511199376524e-01,1.253336576990337625e-01,2.972720542701317355e-03
5.343750000000000000e+00,2.940967378157796075e-01,1.250989540899177244e-01,2.816745423679062593e-03
5.354166666666666075e+00,2.944576849178445199e-01,1.247995055834693889e-01,2.720107171933934358e-03
5.364583333333333037e+00,2.947771240966393091e-01,1.247120524205809905e-01,2.672298438744587137e-03
5.375000000000000000e+00,2.944684815738303207e-01,1.245491983370693861e-01,2.746231810270900742e-03
5.385416666666666075e+00,2.945767402559080206e-01,1.244282729489991357e-01,2.826418614568534764e-03
5.395833333333333037e+00,2.947488351534926498e-01,1.243238499349947207e-01,2.908800840153925177e-03
5.406250000000000000e+00,2.948526726172851498e-01,1.239452008959854162e-01,2.969798179534326264e-03
5.416666666666666075e+00,2.956594488538111798e-01,1.237698615463921348e-01,3.156974122359517809e-03
5.427083333333333037e+00,2.963603423078665089e-01,1.232547830284918544e-01,3.098984802837031170e-03
5.437500000000000000e+00,2.978449086937701162e-01,1.227109624768829843e-01,3.135166999158254392e-03
5.447916666666666075e+00,2.977592178612191720e-01,1.226739907838735461e-01,3.300884421176979600e-03
5.458333333333333037e+00,2.982796594775203314e-01,1.222861784013903469e-01,3.127857824775348225e-03
5.468750000000000000e+00,2.980420838134996142e-01,1.220900877314174682e-01,3.381800658208615994e-03
5.479166666666666075e+00,2.986386678668213057e-01,1.219901252890304294e-01,3.340560964521321549e-03
5.489583333333333037e+00,2.989186389875391758e-01,1.219393164462960893e-01,3.221972197716833387e-03
5.500000000000000000e+00,2.998341640552226184e-01,1.215169592928381642e-01,3.172775509879984662e-03
5.510416666666666075e+00,3.007247257856964784e-01,1.267107080343819747e-01,3.157935038943002638e-03
5.520833333333333037e+00,3.021576945988692087e-01,1.317019832552757674e-01,3.188995992657686542e-03
5.531250000000000000e+00,3.023461491494942588e-01,1.365031013410493155e-01,3.098029935452402146e-03
5.541666666666666075e+00,3.024887135272094629e-01,1.415748846590152155e-01,3.215101593819771723e-03
5.552083333333333037e+00,3.035275132065127224e-01,1.462447379741796394e-01,3.073102162023244079e-03
5.562500000000000000e+00,3.032648240064104161e-01,1.510198144990658742e-01,3.228321826148359067e-03
5.572916666666666075e+00,3.038626657394746799e-01,1.505518504077261455e-01,3.239206451120198171e-03
5.583333333333333037e+00,3.044797234625221116e-01,1.507323808745617555e-01,3.353702690014451464e-03
5.593750000000000000e+00,3.051442002525792119e-01,1.505620458450242782e-01,3.478179160274281773e-03
5.604166666666666075e+00,3.054236115982512101e-01,1.505323118605436106e-01,3.526854505880749023e-03
5.614583333333333037e+00,3.055793358320630926e-01,1.502272558562104121e-01,3.489219284863915877e-03
5.625000000000000000e+00,3.061287193317637212e-01,1.500002901253291998e-01,3.361130823773661198e-03
5.635416666666666075e+00,3.062458485654727669e-01,1.501653506518124404e-01,3.541393871440012050e-03
5.645833333333333037e+00,3.065151630596678611e-01,1.496149430007581160e-01,3.465768305766307820e-03
5.656250000000000000e+00,3.071989358010693838e-01,1.494607842934629061e-01,3.571990817294031645e-03
5.666666666666666075e+00,3.072065472846544076e-01,1.491362093680632661e-01,3.556876662458905922e-03
5.677083333333333037e+00,3.072460614985378369e-01,1.490022707850286732e-01,3.353598709988862142e-03
5.687500000000000000e+00,3.070745507696659993e-01,1.487592651955355061e-01,3.271693840934647868e-03
5.697916666666666075e+00,3.070877402006840784e-01,1.485380385785463608e-01,3.349077427266737399e-03
5.708333333333333037e+00,3.076834415851144033e-01,1.479776002525813594e-01,3.233947362679811133e-03
5.718750000000000000e+00,3.081482156408771322e-01,1.475891618933448390e-01,3.388698285576698891e-03
5.729166666666666075e+00,3.086162056140277499e-01,1.470609107007531113e-01,3.317019478473739839e-03
5.739583333333333037e+00,3.091321148017475706e-01,1.468391686198219914e-01,3.429661745693376486e-03
5.750000000000000000e+00,3.090602483553315794e-01,1.464319401419904576e-01,3.381223463268315244e-03
5.760416666666666075e+00,3.094099903010499863e-01,1.460112804281337162e-01,3.380510840675407525e-03
5.770833333333333037e+00,3.095084069705272278e-01,1.456921261024984038e-01,3.229897837711260405e-03
5.781250000000000000e+00,3.100241949704556355e-01,1.456082708823846494e-01,3.077346439496008064e-03
5.791666666666666075e+00,3.097528089684139507e-01,1.451592208439286269e-01,3.178147344001262895e-03
5.802083333333333037e+00,3.099105739559289696e-01,1.448192411957668624e-01,3.194194121628810348e-03
5.812500000000000000e+00,3.101419296714213458e-01,1.444958050266264282e-01,3.195004364191449987e-03
5.822916666666666075e+00,3.104486586830327854e-01,1.440519117903586443e-01,3.189018342492799807e-03
5.833333333333333037e+00,3.107188459775846456e-01,1.439635557427453305e-01,3.117440933623204756e-03
5.843750000000000000e+00,3.113959770740072908e-01,1.435220656467527944e-01,3.215129177981738452e-03
5.854166666666666075e+00,3.123698426888215085e-01,1.432237297527172715e-01,3.156219890232452030e-03
5.864583333333333037e+00,3.127942065750058953e-01,1.431981194836186022e-01,3.209723601830170598e-03
5.875000000000000000e+00,3.137898644015031935e-01,1.427427657692890706e-01,3.269291751472724016e-03
5.885416666666666075e+00,3.142474615604495258e-01,1.424061090499277038e-01,3.029227886562491177e-03
5.895833333333333037e+00,3.150498000786056685e-01,1.421302811646197317e-01,3.061574414116979056e-03
5.906250000000000000e+00,3.152415693692788290e-01,1.418341962765671538e-01,3.106168072771691314e-03
5.916666666666666075e+00,3.161860723434642417e-01,1.414221498681880740e-01,2.923511110486763567e-03
5.927083333333333037e+00,3.164953458008214482e-01,1.412069483760124422e-01,2.859175782097372366e-03
5.937500000000000000e+00,3.175166814626530498e-01,1.406578046236458546e-01,2.865803189997934153e-03
5.947916666666666075e+00,3.181221314810370737e-01,1.403276489287663686e-01,2.936625723554442055e-03
5.958333333333333037e+00,3.184134576273787154e-01,1.398220499221662638e-01,2.995159451735594086e-03
5.968750000000000000e+00,3.188439125424350484e-01,1.391579354555760872e-01,2.910301939873459563e-03
5.979166666666666075e+00,3.188197551176999989e-01,1.385363500655579228e-01,2.826277065441242138e-03
5.989583333333333037e+00,3.193683223411569738e-01,1.382454659586205559e-01,2.796847675781066397e-03
6.000000000000000000e+00,3.192885822693805054e-01,1.378794939325760638e-01,2.816736469911418177e-03
6.010416666666666075e+00,3.193140044947389011e-01,1.375264118432081573e-01,2.735233758925834611e-03
6.020833333333333037e+00,3.196472159081448772e-01,1.372139390721847652e-01,2.662000489694357416e-03
6.031250000000000000e+00,3.208908445541709953e-01,1.369033022202918171e-01,2.762511986177711154e-03
6.041666666666666075e+00,3.214158429371385961e-01,1.367054572642949217e-01,2.976738446164471294e-03
6.052083333333333037e+00,3.214024914800126531e-01,1.361398419261679038e-01,3.109557231158258540e-03
6.062500000000000000e+00,3.215761393826040981e-01,1.358141539148366439e-01,3.020444931473232047e-03
6.072916666666666075e+00,3.219854411479730616e-01,1.350113936436057593e-01,2.841398203895677873e-03
6.083333333333333037e+00,3.222874035188545982e-01,1.344245605995667558e-01,2.824286567586096249e-03
6.093750000000000000e+00,3.233020538297184387e-01,1.341493351819607605e-01,2.950972168099550395e-03
6.104166666666666075e+00,3.239405634122182187e-01,1.334481973938283772e-01,2.997958221297493571e-03
6.114583333333333037e+00,3.249778928681347767e-01,1.333425192734657150e-01,3.012199009884379466e-03
6.125000000000000000e+00,3.262340013406926365e-01,1.330585960816551283e-01,3.021574289295425684e-03
6.135416666666666075e+00,3.270165890143992282e-01,1.323737543613285605e-01,3.089432205126174755e-03
6.145833333333333037e+00,3.277137209289601727e-01,1.320035282075408822e-01,3.026455405201070991e-03
6.156250000000000000e+00,3.282195878283863943e-01,1.315294483538848869e-01,3.172608774910541489e-03
6.166666666666666075e+00,3.284358792726281284e-01,1.311348588695446515e-01,3.291096444061551718e-03
6.177083333333333037e+00,3.282430519913347999e-01,1.306937182129908059e-01,3.227912337276402869e-03
6.187500000000000000e+00,3.282449869207709203e-01,1.307747311947465019e-01,3.182693120830543815e-03
6.197916666666666075e+00,3.289910079350426564e-01,1.304573107680012667e-01,3.195100352278941458e-03
6.208333333333333037e+00,3.299391435291200159e-01,1.299492208250311587e-01,3.329655121001755865e-03
6.218750000000000000e+00,3.302009067380837215e-01,1.296436394429673900e-01,3.539646814367668377e-03
6.229166666666666075e+00,3.307317459813896021e-01,1.291979100248254742e-01,3.654754895275054254e-03
6.239583333333333037e+00,3.304114092775487510e-01,1.288771766559544951e-01,3.576530162790675545e-03
6.250000000000000000e+00,3.313189455608894218e-01,1.285565471163474249e-01,3.446340765693134758e-03
6.260416666666666075e+00,3.313370176805672807e-01,1.279666098065906366e-01,3.393395149749256837e-03
6.270833333333333037e+00,3.314002213368847372e-01,1.276428971387906508e-01,3.373504032980287164e-03
6.281250000000000000e+00,3.323106049695321862e-01,1.270343647804886567e-01,3.383429909752366186e-03
6.291666666666666075e+00,3.326320008076151802e-01,1.267257798132513102e-01,3.355220902650663754e-03
6.302083333333333037e+00,3.328979113917827082e-01,1.267175138213031405e-01,3.602657715318331472e-03
6.312500000000000000e+00,3.324851566145528015e-01,1.269002673166854944e-01,3.467592060255058131e-03
6.322916666666666075e+00,3.333662169544124865e-01,1.264658200713682512e-01,3.511285055847267189e-03
6.333333333333333037e+00,3.334554426852874842e-01,1.262042465376146394e-01,3.363387392597779173e-03
6.343750000000000000e+00,3.338796144434779123e-01,1.258222240043732343e-01,3.232909245828143388e-03
6.354166666666666075e+00,3.342663112463704622e-01,1.255333563775368755e-01,3.487957525964700042e-03
6.364583333333333037e+00,3.349084394747715576e-01,1.254827419031733227e-01,3.343962029517145041e-03
6.375000000000000000e+00,3.356662866663325806e-01,1.251010308874382082e-01,3.266878209306438470e-03
6.385416666666666075e+00,3.361346309184821690e-01,1.248192631666287383e-01,3.187570791458384754e-03
6.395833333333333037e+00,3.364679906242942775e-01,1.242971498393368596e-01,3.098570930086840154e-03
6.406250000000000000e+00,3.368555262013260276e-01,1.239630373825958004e-01,3.006203333453103498e-03
6.416666666666666075e+00,3.372308070049402362e-01,1.236500806856739437e-01,2.939024841133056152e-03
6.427083333333333037e+00,3.385470647230895413e-01,1.228726707983623517e-01,2.746481703631616349e-03
6.437500000000000000e+00,3.383313939503958534e-01,1.226218620322511998e-01,2.715132150708122073e-03
6.447916666666666075e+00,3.387687275705537626e-01,1.223184229437740411e-01,2.838834700606746378e-03
6.458333333333333037e+00,3.387058024936066003e-01,1.219104923897895432e-01,2.928844770848479991e-03
6.468750000000000000e+00,3.391401894706582709e-01,1.217299206448522325e-01,2.852687981939067835e-03
6.479166666666666075e+00,3.396272127258683771e-01,1.216633312482944956e-01,2.873554613021049673e-03
6.489583333333333037e+00,3.397120799819499104e-01,1.212762737221463882e-01,2.764946820525416172e-03
6.500000000000000000e+00,3.397630310474005211e-01,1.209773672186215121e-01,2.483178871001049445e-03
6.510416666666666075e+00,3.397049679787815801e-01,1.205606961881186823e-01,2.316524372182329587e-03
6.520833333333333037e+00,3.403019008505989151e-01,1.202913894111258264e-01,2.245551503708238458e-03
6.531250000000000000e+00,3.409351868969242583e-01,1.201971636753602635e-01,2.254304629500907941e-03
6.541666666666666075e+00,3.422885019520573446e-01,1.198561436097328042e-01,2.091575513086821759e-03
6.552083333333333037e+00,3.435489620783934717e-01,1.196239198334286685e-01,2.144742559282713720e-03
6.562500000000000000e+00,3.438971632369438591e-01,1.190636614935108445e-01,2.125846826798329699e-03
6.572916666666666075e+00,3.446259266223238305e-01,1.188954133971915211e-01,2.089020149042404746e-03
6.583333333333333037e+00,3.446831938004661366e-01,1.185919196973316964e-01,2.159792650484450814e-03
6.593750000000000000e+00,3.456482681408685753e-01,1.182488772941057698e-01,1.987851859511961285e-03
6.604166666666666075e+00,3.461807095344653917e-01,1.180142884518675522e-01,2.085317732697638832e-03
6.614583333333333037e+00,3.467986609632198736e-01,1.176063685075534049e-01,1.980648638445458177e-03
6.625000000000000000e+00,3.471593454543983048e-01,1.173724997444192397e-01,2.000556838181702553e-03
6.635416666666666075e+00,3.472128304392870790e-01,1.222393577335900150e-01,1.785968005799815029e-03
6.645833333333333037e+00,3.474643589229677310e-01,1.268781205568374482e-01,1.771933889098334727e-03
6.656250000000000000e+00,3.481974269231582486e-01,1.318339873358275738e-01,1.712222091295789511e-03
6.666666666666666075e+00,3.478960725002946952e-01,1.366907941784416269e-01,1.631673119455764875e-03
6.677083333333333037e+00,3.480294953495238208e-01,1.413258339247488171e-01,1.681424346289328315e-03
6.687500000000000000e+00,3.478155121603736522e-01,1.409363461123711303e-01,1.730038404765375879e-03
6.697916666666666075e+00,3.486743539440814166e-01,1.403754486431576520e-01,1.783331258891816817e-03
6.708333333333333037e+00,3.494143067222996168e-01,1.397619704847161415e-01,1.799122053664451576e-03
6.718750000000000000e+00,3.496515360496179059e-01,1.392526032512751977e-01,1.649694940329236295e-03
6.729166666666666075e+00,3.490773985715232564e-01,1.387418699849762849e-01,1.698637920538138141e-03
6.739583333333333037e+00,3.499802200591122237e-01,1.383827711555192519e-01,1.661053324703191643e-03
6.750000000000000000e+00,3.515162640741089639e-01,1.379444635023540366e-01,1.627374294012250318e-03
6.760416666666666075e+00,3.514747995036260342e-01,1.376014296119837110e-01,1.530178091554031811e-03
6.770833333333333037e+00,3.514122494271670893e-01,1.373292649187370373e-01,1.525145647802421617e-03
6.781250000000000000e+00,3.512123817621589650e-01,1.372886820721378742e-01,1.521324369286806326e-03
6.791666666666666075e+00,3.518973329408722761e-01,1.373943656016665682e-01,1.493348312160760376e-03
6.802083333333333037e+00,3.520693920381645081e-01,1.371813018183814514e-01,1.458953344735228023e-03
6.812500000000000000e+00,3.522671794449744875e-01,1.370290647593294386e-01,1.463097160895905332e-03
6.822916666666666075e+00,3.522066892746906763e-01,1.365260772512376652e-01,1.446518137706519084e-03
6.833333333333333037e+00,3.527343786299518835e-01,1.361978878478186661e-01,1.504364877257394987e-03
6.843750000000000000e+00,3.523192045291435592e-01,1.357265158149702222e-01,1.458408676791389871e-03
6.854166666666666075e+00,3.532888813890868174e-01,1.354454458787169302e-01,1.396558397845441054e-03
6.864583333333333037e+00,3.530605923381163747e-01,1.348916733905325405e-01,1.413882256487089583e-03
6.875000000000000000e+00,3.534241179260130261e-01,1.345305311756480604e-01,1.181605593289223374e-03
6.885416666666666075e+00,3.540874474406862649e-01,1.342451493464654200e-01,1.238168766761070429e-03
6.895833333333333037e+00,3.541410501739488681e-01,1.338805157437415461e-01,1.243760783879106161e-03
6.906250000000000000e+00,3.546803620749379715e-01,1.332817926265592312e-01,1.286950384248938253e-03
6.916666666666666075e+00,3.551773492374072916e-01,1.331585807839602009e-01,1.400314885130451081e-03
6.927083333333333037e+00,3.549490440444015849e-01,1.329133735007825279e-01,1.377145807962963870e-03
6.937500000000000000e+00,3.562284489189450065e-01,1.328035499798324026e-01,1.298075138907657826e-03
6.947916666666666075e+00,3.562284678489330836e-01,1.320724434725601970e-01,1.285999178324651179e-03
6.958333333333333037e+00,3.568632184965649934e-01,1.319528211648436644e-01,1.287205000680570000e-03
6.968750000000000000e+00,3.572045540183462764e-01,1.314834477396115142e-01,1.372749762847651515e-03
6.979166666666666075e+00,3.564670816091315420e-01,1.309862801740909188e-01,1.495932678486896171e-03
6.989583333333333037e+00,3.570339493155403332e-01,1.308207210940923737e-01,1.539653386788559499e-03
7.000000000000000000e+00,3.576730359450830399e-01,1.306800658641829038e-01,1.519847843983611248e-03
7.010416666666666075e+00,3.589250535194249414e-01,1.303245112621822521e-01,1.521031972286124821e-03
7.020833333333333037e+00,3.599489457069544041e-01,1.298878416747892839e-01,1.640067319927718259e-03
7.031250000000000000e+00,3.609291585601578367e-01,1.295504690240937562e-01,1.445690217598644524e-03
7.041666666666666075e+00,3.609569120760128813e-01,1.291428553445467531e-01,1.407914622656676129e-03
7.052083333333333037e+00,3.615519511878578229e-01,1.287214971028137478e-01,1.403428392794814654e-03
7.062500000000000000e+00,3.621255616582076398e-01,1.285219478438410223e-01,1.401770140107842962e-03
7.072916666666666075e+00,3.622223280254949773e-01,1.280237620241757301e-01,1.444954449963833801e-03
7.083333333333333037e+00,3.625191682337630117e-01,1.278036904452963252e-01,1.358092264813839890e-03
7.093750000000000000e+00,3.620647953347526093e-01,1.275406970307538246e-01,1.401101477030255657e-03
7.104166666666666075e+00,3.621554123588301977e-01,1.273505102214043672e-01,1.475549909700185668e-03
7.114583333333333037e+00,3.626169412810941184e-01,1.266944107766650174e-01,1.418503378113558254e-03
7.125000000000000000e+00,3.621419298210673543e-01,1.265825858764872691e-01,1.355553942822187736e-03
7.135416666666666075e+00,3.628102722583343431e-01,1.261336166214322430e-01,1.274617287314597485e-03
7.145833333333333037e+00,3.630267609872767087e-01,1.257642000963587470e-01,1.287240586079736867e-03
7.156250000000000000e+00,3.633153864163695124e-01,1.254210041393823138e-01,1.288498612918924932e-03
7.166666666666666075e+00,3.639481688489605848e-01,1.249563026460853987e-01,1.261581259281033393e-03
7.177083333333333037e+00,3.645492555126070289e-01,1.249117624846632912e-01,1.280231742184617530e-03
7.187500000000000000e+00,3.648435097408261329e-01,1.246198903439422467e-01,1.332030307070282285e-03
7.197916666666666075e+00,3.646242346262488221e-01,1.242524935874524256e-01,1.400477625512910581e-03
7.208333333333333037e+00,3.642908186438642004e-01,1.238229684173372119e-01,1.398603948343832499e-03
7.218750000000000000e+00,3.645878654476825687e-01,1.233224731642970778e-01,1.458964817188893905e-03
7.229166666666666075e+00,3.656100515966382303e-01,1.230687963861075429e-01,1.584784249110600309e-03
7.239583333333333037e+00,3.653692996923466607e-01,1.225661362281327826e-01,1.523304102933480814e-03
7.250000000000000000e+00,3.657979155862593479e-01,1.219622730498727686e-01,1.509741936691362269e-03
7.260416666666666075e+00,3.665487703976213485e-01,1.215496030642083669e-01,1.488702789296277376e-03
7.270833333333333037e+00,3.673907861401263242e-01,1.209007822190617809e-01,1.540604107958594860e-03
7.281250000000000000e+00,3.679299109894564324e-01,1.204844839695547454e-01,1.481634406627726835e-03
7.291666666666666075e+00,3.683421300369049134e-01,1.202628418221878964e-01,1.565249032594023077e-03
7.302083333333333037e+00,3.686057269237251188e-01,1.200606353235792872e-01,1.647159023307033640e-03
7.312500000000000000e+00,3.689685158276732047e-01,1.200442228203625339e-01,1.706437006925580436e-03
7.322916666666666075e+00,3.700486981603161585e-01,1.197438374058095167e-01,1.871649790914541511e-03
7.333333333333333037e+00,3.697557259073748215e-01,1.194993046543023490e-01,1.995206487770408068e-03
7.343750000000000000e+00,3.698740876917621101e-01,1.192473539691673440e-01,1.937192333735407489e-03
7.354166666666666075e+00,3.696194024136734702e-01,1.191572539918027279e-01,2.083889442769624577e-03
7.364583333333333037e+00,3.701590584326200362e-01,1.190954709226239028e-01,2.001507034796113933e-03
7.375000000000000000e+00,3.707939843512806921e-01,1.188621739205522887e-01,1.958080680801145557e-03
7.385416666666666075e+00,3.712897212091484378e-01,1.183882152005764493e-01,1.803312739475139165e-03
7.395833333333333037e+00,3.715386461049786093e-01,1.184597327451324955e-01,1.812165496332680380e-03
7.406250000000000000e+00,3.719185085644092226e-01,1.182507485403881398e-01,1.990066909986483272e-03
7.416666666666666075e+00,3.734728874580984792e-01,1.180741440177839052e-01,1.988699202701452867e-03
7.427083333333333037e+00,3.732971700563914030e-01,1.180140361377058911e-01,1.978424567422984361e-03
7.437500000000000000e+00,3.730840958589215495e-01,1.177017664351794196e-01,1.874794531045461668e-03
7.447916666666666075e+00,3.723038732290090969e-01,1.173330853561720954e-01,1.879199743724675612e-03
7.458333333333333037e+00,3.728865950322474143e-01,1.169888619976536398e-01,1.912755633960410350e-03
7.468750000000000000e+00,3.736565001496217620e-01,1.165728065884748393e-01,1.912649537865663022e-03
7.479166666666666075e+00,3.741360689985445687e-01,1.161239927122982157e-01,1.869532659898929475e-03
7.489583333333333037e+00,3.748264784428005925e-01,1.159694985253794941e-01,1.901116756035765463e-03
7.500000000000000000e+00,3.748557071853924061e-01,1.159504551123975991e-01,1.904786002757800608e-03
7.510416666666666075e+00,3.754909726828624672e-01,1.155690080527592006e-01,1.789889424432037713e-03
7.520833333333333037e+00,3.765958382751406486e-01,1.150534538062160245e-01,1.838567531002804163e-03
7.531250000000000000e+00,3.767114026024484530e-01,1.146729889708166805e-01,1.884413910489577109e-03
7.541666666666666075e+00,3.770269035828568427e-01,1.202393769279612307e-01,1.811461438542699004e-03
7.552083333333333037e+00,3.771578675574154826e-01,1.253587725107482009e-01,1.744080381181968217e-03
7.562500000000000000e+00,3.790306469826262292e-01,1.306876993174303225e-01,1.692982417865980310e-03
7.572916666666666075e+00,3.795927532440661056e-01,1.360714923898542483e-01,1.671931368235863007e-03
7.583333333333333037e+00,3.793778936924884770e-01,1.359434189858390041e-01,1.630453156309957623e-03
7.593750000000000000e+00,3.802450650454164416e-01,1.355271744369315468e-01,1.497781263571336310e-03
7.604166666666666075e+00,3.808935130386358892e-01,1.353168544387989281e-01,1.572100252925424414e-03
7.614583333333333037e+00,3.809577374228860225e-01,1.349455167424200297e-01,1.343302095772581266e-03
7.625000000000000000e+00,3.813533201762168146e-01,1.346997852453841460e-01,1.488066906619849201e-03
7.635416666666666075e+00,3.822911305762389800e-01,1.344614039259392491e-01,1.575727096558434065e-03
7.645833333333333037e+00,3.833285876758497079e-01,1.341729323293304743e-01,1.510027336255141293e-03
7.656250000000000000e+00,3.840672237732801753e-01,1.338772890048790243e-01,1.375961121813483326e-03
7.666666666666666075e+00,3.830957280688496169e-01,1.337045801405370160e-01,1.268049136346933786e-03
7.677083333333333037e+00,3.833481044468058929e-01,1.337542062410234378e-01,1.218318863659715277e-03
7.687500000000000000e+00,3.830270045223152509e-01,1.336947616193228106e-01,1.329217453804087999e-03
7.697916666666666075e+00,3.832532369891116786e-01,1.330196923486734739e-01,1.385195602589254626e-03
7.708333333333333037e+00,3.836937945408954165e-01,1.326803339388794301e-01,1.513906956544411797e-03
7.718750000000000000e+00,3.836525866915569960e-01,1.323061782981731216e-01,1.704337444145643003e-03
7.729166666666666075e+00,3.842389198903882197e-01,1.319234679778939212e-01,1.603854161377020514e-03
7.739583333333333037e+00,3.848588137178280411e-01,1.317461699515055373e-01,1.550850406171886591e-03
7.750000000000000000e+00,3.855262117392888044e-01,1.315051321264746886e-01,1.457324514285640625e-03
7.760416666666666075e+00,3.853840113664283584e-01,1.311968361513498882e-01,1.596258928582196517e-03
7.770833333333333037e+00,3.850355849514889850e-01,1.306533275155058460e-01,1.586257405946021578e-03
7.781250000000000000e+00,3.855763484040879985e-01,1.302485704892029361e-01,1.589734496945762734e-03
7.791666666666666075e+00,3.855824941229739067e-01,1.299654598402100458e-01,1.435911132253227685e-03
7.802083333333333037e+00,3.846203518859464543e-01,1.297357944249608874e-01,1.459458895715496848e-03
7.812500000000000000e+00,3.844199734505555077e-01,1.295254207802659374e-01,1.426161337065360224e-03
7.822916666666666075e+00,3.845253110307504385e-01,1.293909422751412241e-01,1.522802466185121288e-03
7.833333333333333037e+00,3.852927851123251202e-01,1.293196410653926487e-01,1.707340403663647980e-03
7.843750000000000000e+00,3.848194513559702878e-01,1.292277585960145136e-01,1.871030512374331854e-03
7.854166666666666075e+00,3.851288485707967113e-01,1.287212515853535799e-01,1.951479527827639773e-03
7.864583333333333037e+00,3.859667816503334348e-01,1.286922153310709749e-01,1.813473133707636234e-03
7.875000000000000000e+00,3.861480203288959467e-01,1.283037958827303315e-01,1.813907242903690237e-03
7.885416666666666075e+00,3.855155233898071576e-01,1.278488712202605626e-01,1.704981710138413729e-03
7.895833333333333037e+00,3.857097133484703733e-01,1.278451863263366517e-01,1.610706421411703219e-03
7.906250000000000000e+00,3.857532299777381990e-01,1.274961020595890560e-01,1.530635757360492488e-03
7.916666666666666075e+00,3.864227950792991084e-01,1.269340485183919343e-01,1.511394161414298049e-03
7.927083333333333037e+00,3.866087882746446214e-01,1.263328200950911417e-01,1.501349496039900474e-03
7.937500000000000000e+00,3.871272904185232289e-01,1.261289493679644269e-01,1.458301033429398961e-03
7.947916666666666075e+00,3.882511622806553708e-01,1.258171499226130585e-01,1.529261840117959433e-03
7.958333333333333037e+00,3.897346152811970721e-01,1.255014770610386188e-01,1.503156930932104474e-03
7.968750000000000000e+00,3.904224372091099626e-01,1.248804530707557786e-01,1.417964155940735875e-03
7.979166666666666075e+00,3.906766463035525327e-01,1.242296461835490917e-01,1.489323538523967035e-03
7.989583333333333037e+00,3.914856900087597680e-01,1.233236605143498560e-01,1.552264483727595120e-03
8.000000000000000000e+00,3.911545167325302108e-01,1.228122616150089247e-01,1.513494741664804218e-03
8.010416666666666075e+00,3.914824164893701552e-01,1.225396651589150399e-01,1.479750691664514020e-03
8.020833333333332149e+00,3.925266519217555650e-01,1.222904738481458836e-01,1.412648749145718188e-03
8.031250000000000000e+00,3.922659742418764806e-01,1.220105891495619488e-01,1.373932138153447684e-03
8.041666666666666075e+00,3.932144150431676199e-01,1.213319852811993449e-01,1.302406387035637140e-03
8.052083333333332149e+00,3.935850523132565226e-01,1.205789821414647023e-01,1.200573109169023782e-03
8.062500000000000000e+00,3.940944722408290524e-01,1.199882140185686286e-01,1.136052340057573705e-03
8.072916666666666075e+00,3.939784137160903255e-01,1.194531134497922309e-01,1.107694867721022852e-03
8.083333333333332149e+00,3.937481606588505434e-01,1.186620476965391524e-01,1.123106255107586549e-03
8.093750000000000000e+00,3.944101222864707101e-01,1.182650213208170237e-01,1.089456086708023722e-03
8.104166666666666075e+00,3.946995135471784710e-01,1.175810887782066244e-01,1.064537538363174085e-03
8.114583333333332149e+00,3.944526575292751081e-01,1.171080181348577859e-01,1.095711253006427088e-03
8.125000000000000000e+00,3.949934160258831151e-01,1.166789628956391156e-01,1.110016689403435508e-03
8.135416666666666075e+00,3.959423133306010367e-01,1.163021345526459444e-01,1.170049037718241770e-03
8.145833333333332149e+00,3.964404914861006102e-01,1.161771666902276512e-01,1.125764883522604705e-03
8.156250000000000000e+00,3.967770684414836935e-01,1.156784293930386842e-01,1.028503769958179085e-03
8.166666666666666075e+00,3.980006898935342097e-01,1.150928942365222613e-01,9.504352670368954340e-04
8.177083333333332149e+00,3.977509461655720502e-01,1.145119803588247748e-01,9.376372695651954232e-04
8.187500000000000000e+00,3.976257415718130739e-01,1.138971758529868372e-01,9.020151158152438318e-04
8.197916666666666075e+00,3.985221200158237109e-01,1.135880998939092362e-01,9.331046687230020245e-04
8.208333333333332149e+00,3.995980197686715418e-01,1.134365290010098393e-01,8.382794100898744273e-04
8.218750000000000000e+00,3.991680274611866253e-01,1.131364402141931402e-01,8.771422444249918826e-04
8.229166666666666075e+00,3.988867487196890993e-01,1.126588013040762670e-01,9.041547171477458140e-04
8.239583333333332149e+00,3.989651984424288367e-01,1.120838060702604860e-01,8.996327463946970611e-04
8.250000000000000000e+00,3.992052341998255649e-01,1.116652424401252397e-01,8.841913298673547772e-04
8.260416666666666075e+00,3.998986026708953312e-01,1.113075092730586718e-01,8.521940875616493575e-04
8.270833333333332149e+00,3.999619739852983691e-01,1.110773470605345981e-01,8.044772148856707290e-04
8.281250000000000000e+00,4.000351256710434344e-01,1.105244746518307813e-01,8.444217591992765094e-04
8.291666666666666075e+00,4.009899845110574401e-01,1.100583383988173042e-01,8.310294803569495854e-04
8.302083333333332149e+00,4.007666122762310601e-01,1.097516513441046671e-01,7.712990585252389383e-04
8.312500000000000000e+00,4.017559497009802749e-01,1.095046359567946881e-01,7.429470264842482664e-04
8.322916666666666075e+00,4.016613125224264835e-01,1.092889557900032782e-01,7.177875339047627441e-04
8.333333333333332149e+00,4.021944786592268617e-01,1.091446433906354957e-01,8.314316015509260306e-04
8.343750000000000000e+00,4.028630810965246334e-01,1.091083899056640577e-01,8.759509733772606437e-04
8.354166666666666075e+00,4.033500578710617623e-01,1.092236760871350132e-01,8.512849760026345095e-04
8.364583333333332149e+00,4.031411896776015968e-01,1.088637087467983489e-01,8.588505567218449261e-04
8.375000000000000000e+00,4.042580975411256272e-01,1.084965433389628586e-01,9.581280884002381240e-04
8.385416666666666075e+00,4.044776971072348015e-01,1.081971679460873442e-01,9.227214539076363485e-04
8.395833333333332149e+00,4.042511870483930236e-01,1.083435985705538812e-01,1.021130904980416644e-03
8.406250000000000000e+00,4.045780078505931687e-01,1.079642840614304100e-01,1.108718452645634806e-03
8.416666666666666075e+00,4.053913877704518054e-01,1.077786941730690673e-01,1.168571597005873316e-03
8.427083333333332149e+00,4.058439730149295266e-01,1.075081084783186675e-01,1.038794391780962926e-03
8.437500000000000000e+00,4.072071249783135727e-01,1.071799905537726694e-01,8.714221963872575364e-04
8.447916666666666075e+00,4.069634516204281849e-01,1.071529839889089342e-01,9.155566152691077845e-04
8.458333333333332149e+00,4.066638571320978501e-01,1.070055178570296778e-01,9.544254922723414448e-04
8.468750000000000000e+00,4.065135770520781344e-01,1.070576999905178822e-01,8.624879388986100067e-04
8.479166666666666075e+00,4.072922332612365359e-01,1.064985492865752892e-01,8.194467379586345629e-04
8.489583333333332149e+00,4.075782822103130032e-01,1.064463711311268851e-01,8.875163242672514828e-04
8.500000000000000000e+00,4.071574454871005333e-01,1.060303742307593805e-01,8.252611119629126675e-04
8.510416666666666075e+00,4.076066268499859424e-01,1.056064006950257345e-01,7.246623141990605902e-04
8.520833333333332149e+00,4.083215494125809197e-01,1.052231604408539606e-01,6.712553611044821955e-04
8.531250000000000000e+00,4.082485111032662650e-01,1.048036196899475025e-01,6.532756720440172603e-04
8.541666666666666075e+00,4.089268153758582325e-01,1.044993164134241509e-01,5.887385031267820985e-04
8.552083333333332149e+00,4.083075046271570918e-01,1.041952180754472795e-01,6.326582186651976292e-04
8.562500000000000000e+00,4.087432096603370035e-01,1.040881318712408160e-01,5.166002192761569994e-04
8.572916666666666075e+00,4.085831378046105855e-01,1.037850486873429651e-01,5.477799851617382943e-04
8.583333333333332149e+00,4.088096199504066552e-01,1.037226760707153916e-01,5.326269837282068776e-04
8.593750000000000000e+00,4.087674262475664566e-01,1.088293263251324944e-01,4.735796646961076307e-04
8.604166666666666075e+00,4.092325036871390931e-01,1.138103906779267954e-01,5.520817144734711107e-04
8.614583333333332149e+00,4.097776026458967435e-01,1.189424664231934214e-01,5.441075019385186893e-04
8.625000000000000000e+00,4.093192402885481584e-01,1.184973018137452649e-01,5.155115832884829075e-04
8.635416666666666075e+00,4.100710170909375174e-01,1.183255217270250681e-01,5.075194253558591544e-04
8.645833333333332149e+00,4.110085357934455397e-01,1.180966107782762675e-01,5.365385814244102774e-04
8.656250000000000000e+00,4.113515940797158321e-01,1.174376284960523265e-01,4.831046100235632810e-04
8.666666666666666075e+00,4.122222969022115158e-01,1.170823869750438340e-01,5.648044020745798159e-04
8.677083333333332149e+00,4.120800887830757819e-01,1.169262831986549039e-01,5.975185661224252046e-04
8.687500000000000000e+00,4.119029696556913978e-01,1.165836021019469038e-01,6.410708135323325233e-04
8.697916666666666075e+00,4.120339723328355630e-01,1.163376863568884728e-01,6.225292220569892537e-04
8.708333333333332149e+00,4.121806569594502201e-01,1.162002017429795281e-01,6.749333443760855474e-04
8.718750000000000000e+00,4.118740210382338951e-01,1.157846452407309407e-01,6.860263491782713201e-04
8.729166666666666075e+00,4.116551198822150925e-01,1.153997263392533695e-01,5.884417789796545298e-04
8.739583333333332149e+00,4.121027923702564877e-01,1.151749487400702682e-01,6.100243629137423783e-04
8.750000000000000000e+00,4.121336580009469786e-01,1.147150918702937172e-01,5.581745367053926252e-04
8.760416666666666075e+00,4.129853726070460973e-01,1.144221184445975842e-01,5.006398073006389790e-04
8.770833333333332149e+00,4.133890917130680909e-01,1.137839143547379611e-01,4.979633619624919101e-04
8.781250000000000000e+00,4.134340202351066695e-01,1.134013871698914544e-01,5.192101890463837830e-04
8.791666666666666075e+00,4.135148577659195079e-01,1.133651957881350730e-01,4.842021898633665482e-04
8.802083333333332149e+00,4.139750105865417917e-01,1.133394092552803406e-01,5.037843270214264991e-04
8.812500000000000000e+00,4.144880856652040091e-01,1.133158125101725588e-01,4.501427771532169435e-04
8.822916666666666075e+00,4.147022069421467116e-01,1.130536316373813299e-01,3.712509895281455104e-04
8.833333333333332149e+00,4.147023595073821567e-01,1.128053124556103320e-01,3.258041725654947846e-04
8.843750000000000000e+00,4.152905096308481259e-01,1.125405422351823531e-01,3.261704541115626734e-04
8.854166666666666075e+00,4.145637221817509710e-01,1.125469714785070491e-01,2.618113525009659482e-04
8.864583333333332149e+00,4.147895326987205422e-01,1.122448012768297587e-01,2.675044054988702188e-04
8.875000000000000000e+00,4.152636638646905465e-01,1.119047211780507256e-01,2.728366464101964622e-04
8.885416666666666075e+00,4.151511803244322674e-01,1.116999517140070813e-01,3.008475008914037949e-04
8.895833333333332149e+00,4.156345122840022777e-01,1.117499428341213741e-01,2.875783587147865837e-04
8.906250000000000000e+00,4.154861581040653062e-01,1.115640986739945273e-01,2.604775410969029136e-04
8.916666666666666075e+00,4.150153732041215182e-01,1.115855985221453212e-01,2.266704051534424759e-04
8.927083333333332149e+00,4.158117133849719704e-01,1.113923771317945760e-01,2.730892318478757644e-04
8.937500000000000000e+00,4.157835529882538683e-01,1.109917726566866519e-01,2.658840629885500084e-04
8.947916666666666075e+00,4.153007134303331460e-01,1.107328696707079035e-01,3.180315530725930182e-04
8.958333333333332149e+00,4.161400427001393232e-01,1.104923262000525042e-01,3.055169225530827894e-04
8.968750000000000000e+00,4.160600678202262537e-01,1.101522816444987785e-01,3.046867786407451723e-04
8.979166666666666075e+00,4.158281179197625965e-01,1.096663971471465437e-01,2.486741647660806057e-04
8.989583333333332149e+00,4.161432475988986468e-01,1.091485972651900088e-01,2.269313031739164047e-04
9.000000000000000000e+00,4.170121630960583192e-01,1.087968752969269010e-01,2.028905371894738430e-04
9.010416666666666075e+00,4.172336341147976357e-01,1.084311176915551123e-01,2.243180978062307143e-04
9.020833333333332149e+00,4.173472985178404149e-01,1.080918731146003203e-01,1.856608492302202519e-04
9.031250000000000000e+00,4.177983870908579256e-01,1.077849438443017199e-01,1.964650137867632589e-04
9.041666666666666075e+00,4.176340124238251406e-01,1.074684402494058971e-01,1.289926062099417564e-04
9.052083333333332149e+00,4.175248640440116232e-01,1.071569534608369650e-01,1.148149908552991116e-04
9.062500000000000000e+00,4.178978056625855531e-01,1.068130786299257701e-01,9.802517186732943410e-05
9.072916666666666075e+00,4.183215845601550575e-01,1.067107536858603323e-01,1.115254298713701762e-04
9.083333333333332149e+00,4.195527742834481710e-01,1.063751389583549589e-01,1.302369362833740644e-04
9.093750000000000000e+00,4.202194036736649485e-01,1.061228792886158290e-01,1.283173142457549583e-04
9.104166666666666075e+00,4.210335427142798959e-01,1.057698168743345241e-01,9.871624254447581778e-05
9.114583333333332149e+00,4.216916878730768703e-01,1.054934803446050257e-01,1.254405250047329842e-04
9.125000000000000000e+00,4.216988595122531103e-01,1.051939124904712891e-01,9.225429079096666551e-05
9.135416666666666075e+00,4.215467778820398137e-01,1.048808090042777641e-01,1.139325500043862659e-04
9.145833333333332149e+00,4.212191857312239107e-01,1.046625002833450058e-01,9.600714767161270809e-05
9.156250000000000000e+00,4.212217995281724581e-01,1.041656984975590644e-01,8.362252086571136792e-05
9.166666666666666075e+00,4.217584567696389675e-01,1.039365920680098282e-01,4.177458230713128936e-05
9.177083333333332149e+00,4.220535677572005984e-01,1.036665949041356699e-01,5.475962929562030177e-05
9.187500000000000000e+00,4.221761536035815721e-01,1.033311750714083904e-01,5.034413049282268133e-05
9.197916666666666075e+00,4.230254350142066966e-01,1.031097414200730505e-01,5.717441082066108466e-05
9.208333333333332149e+00,4.229379147514628623e-01,1.030447903587746600e-01,3.774457889355200104e-05
9.218750000000000000e+00,4.238842080879549057e-01,1.025935676630529703e-01,3.678370095819191157e-05
9.229166666666666075e+00,4.245157805989036026e-01,1.024652472502996792e-01,6.344856866707304568e-05
9.239583333333332149e+00,4.241257996397517216e-01,1.023725464533484092e-01,5.777385732461947656e-05
9.250000000000000000e+00,4.249305121509771577e-01,1.019393879784618318e-01,3.468924753257154723e-05
9.260416666666666075e+00,4.256699048038723454e-01,1.014987925403620650e-01,3.498613384910268643e-05
9.270833333333332149e+00,4.255832946069788014e-01,1.013365690398710522e-01,2.140871723139953532e-05
9.281250000000000000e+00,4.263081452026174500e-01,1.012260845801475628e-01,2.610717063176052418e-05
9.291666666666666075e+00,4.269001766844651158e-01,1.010025468521100339e-01,1.305214845015195785e-05
9.302083333333332149e+00,4.274666098018558569e-01,1.008117716448060919e-01,4.783659372329833829e-06
9.312500000000000000e+00,4.268240077301532764e-01,1.002962242165624102e-01,1.169886853355787285e-05
9.322916666666666075e+00,4.271671845994967631e-01,9.989205430492334448e-02,0.000000000000000000e+00
9.333333333333332149e+00,4.271380091827249315e-01,9.965633604915008492e-02,1.959344720195140764e-05
9.343750000000000000e+00,4.280081169907797300e-01,9.951493559677480893e-02,5.612722379369902627e-05
9.354166666666666075e+00,4.278970095699617393e-01,9.892332751160202997e-02,1.078761924538289643e-04
9.364583333333332149e+00,4.279607342599579534e-01,9.853200651062832272e-02,1.311573280946668775e-04
9.375000000000000000e+00,4.281432220504421959e-01,9.821914265208749051e-02,8.493030292092127224e-05
9.385416666666666075e+00,4.289558623733572551e-01,9.806550349219622653e-02,1.122362114640466593e-04
9.395833333333332149e+00,4.289875551877988524e-01,9.762453135794857406e-02,1.015822698625075480e-04
9.406250000000000000e+00,4.291141433232203428e-01,9.724890932271147703e-02,9.813907660312265230e-05
9.416666666666666075e+00,4.299499503637778663e-01,9.709221395825713696e-02,1.161983568339509520e-04
9.427083333333332149e+00,4.303541658858995311e-01,9.677836646136948884e-02,8.018800636948433857e-05
9.437500000000000000e+00,4.310534928095587914e-01,9.655124256701617946e-02,5.630329869566780179e-05
9.447916666666666075e+00,4.313599821278578106e-01,9.625597876789633578e-02,8.313214150309884633e-05
9.458333333333332149e+00,4.309442665340072476e-01,9.609130279022484733e-02,1.067752858792133752e-04
9.468750000000000000e+00,4.319314196057620903e-01,9.569078574847499075e-02,1.218554755107817829e-04
9.479166666666666075e+00,4.323363113525558465e-01,9.563808622734569498e-02,1.382488956810083876e-04
9.489583333333332149e+00,4.327370850462100571e-01,9.542189327089994899e-02,1.063913950311097843e-04
9.500000000000000000e+00,4.332048158978931696e-01,9.506625289758459385e-02,1.498310386556423357e-04
9.510416666666666075e+00,4.334445610015353889e-01,9.476098386836313836e-02,1.569398480824452905e-04
9.520833333333332149e+00,4.334557626279109677e-01,9.470181141987581153e-02,1.902667257573065717e-04
9.531250000000000000e+00,4.339349894051309220e-01,9.445240043032798738e-02,2.564098876504581595e-04
9.541666666666666075e+00,4.338026102227409697e-01,9.448156074312431818e-02,3.222280302822077636e-04
9.552083333333332149e+00,4.340416582863440564e-01,9.433528104128494074e-02,2.977816234425615738e-04
9.562500000000000000e+00,4.343490307797343575e-01,9.446148548775451514e-02,3.279419233213417975e-04
9.572916666666666075e+00,4.346903889313567526e-01,9.453108260056640455e-02,3.629237430450106875e-04
9.583333333333332149e+00,4.348897246448923948e-01,9.420979995336645207e-02,3.926222270024605802e-04
9.593750000000000000e+00,4.353357819501719739e-01,9.436922841653290484e-02,4.214261065180075492e-04
9.604166666666666075e+00,4.356907338466466939e-01,9.434894734947169015e-02,3.544894277945537828e-04
9.614583333333332149e+00,4.371714446987262637e-01,9.404221261003072041e-02,3.683123163453843295e-04
9.625000000000000000e+00,4.378798785948342931e-01,9.395339076308406590e-02,3.615817853153581321e-04
9.635416666666666075e+00,4.389296573115477051e-01,9.383694534540192034e-02,3.823572920831454290e-04
9.645833333333332149e+00,4.391019673773345344e-01,9.359585197313584348e-02,3.017092388326788883e-04
9.656250000000000000e+00,4.386362222763509067e-01,9.330691436101672120e-02,2.932438633402892304e-04
9.666666666666666075e+00,4.386436944371227553e-01,9.307308418920674786e-02,3.240039010236679022e-04
9.677083333333332149e+00,4.383821107949446572e-01,9.297276732022427548e-02,3.069051894752560720e-04
9.687500000000000000e+00,4.385617960823602890e-01,9.300018738690216114e-02,2.729878320253770153e-04
9.697916666666666075e+00,4.389301553832140046e-01,9.287015345787555387e-02,2.439647511243230558e-04
9.708333333333332149e+00,4.385926301882963063e-01,9.251552640836127606e-02,2.298137719837852638e-04
9.718750000000000000e+00,4.387630038334754956e-01,9.758449973142953315e-02,2.294047405419636894e-04
9.729166666666666075e+00,4.396369242507508490e-01,1.029720677534415735e-01,2.477694423653265042e-04
9.739583333333332149e+00,4.391239679797310780e-01,1.084785978990285560e-01,2.396368719443270107e-04
9.750000000000000000e+00,4.379988474159225431e-01,1.137212431378975819e-01,2.035609132188328390e-04
9.760416666666666075e+00,4.380944660626395759e-01,1.189498697281732853e-01,2.176142546193762903e-04
9.770833333333332149e+00,4.385567607863203321e-01,1.199204740572097083e-01,1.866269414572646439e-04
9.781250000000000000e+00,4.387124704433505440e-01,1.197873704684486451e-01,2.420111190241931547e-04
9.791666666666666075e+00,4.385830044030469832e-01,1.196542293316792821e-01,2.148425345001193768e-04
9.802083333333332149e+00,4.386671541557290444e-01,1.194145130113100778e-01,1.887374449745878491e-04
9.812500000000000000e+00,4.387069960121040002e-01,1.189869947492981361e-01,1.851827907583983128e-04
9.822916666666666075e+00,4.392371671944330092e-01,1.185207077615156729e-01,1.533140070951562119e-04
9.833333333333332149e+00,4.394362107841978671e-01,1.180837711288805353e-01,1.539420801604592277e-04
9.843750000000000000e+00,4.392920596245609155e-01,1.177651111991502575e-01,1.754721552949144907e-04
9.854166666666666075e+00,4.393777543368493910e-01,1.173624365956151272e-01,1.392497961994080072e-04
9.864583333333332149e+00,4.394272542373281465e-01,1.168945441844727734e-01,5.349459705668497579e-05
9.875000000000000000e+00,4.400079973498181585e-01,1.167512558983029164e-01,2.338855013833178806e-05
9.885416666666666075e+00,4.401719690767660342e-01,1.162988078173252671e-01,2.211493252369380822e-05
9.895833333333332149e+00,4.397650136014628619e-01,1.159065007522597501e-01,3.591989867551295229e-05
9.906250000000000000e+00,4.400280030667844122e-01,1.156436279450482052e-01,3.774403513995251174e-06
9.916666666666666075e+00,4.404321900568227699e-01,1.153811299444037208e-01,1.566600013259206975e-05
9.927083333333332149e+00,4.410712710173986806e-01,1.153071566455760449e-01,0.000000000000000000e+00
9.937500000000000000e+00,4.413475070593478877e-01,1.149338884970591002e-01,0.000000000000000000e+00
9.947916666666666075e+00,4.404325457261424326e-01,1.143798130662488227e-01,1.727819079581224761e-05
9.958333333333332149e+00,4.403966657832203979e-01,1.143038509162844774e-01,2.708614456699384477e-05
9.968750000000000000e+00,4.410202922957673355e-01,1.139791172194735830e-01,3.329855369292297128e-05
9.979166666666666075e+00,4.412988945908619676e-01,1.136698977767589269e-01,7.327866615854436829e-05
9.989583333333332149e+00,4.419347506141036996e-01,1.133356692454341730e-01,8.486682845794662339e-05
1.000000000000000000e+01,4.423134897098198737e-01,1.130664831572113782e-01,9.591741269991690771e-05
1.001041666666666607e+01,4.434096883214837526e-01,1.129737647192463196e-01,1.094349496750798774e-04
1.002083333333333215e+01,4.444630641078054500e-01,1.124736840264879134e-01,1.035158770706074669e-04
1.003125000000000000e+01,4.449171794592756690e-01,1.120693217158350713e-01,1.126453678306776494e-04
1.004166666666666607e+01,4.451427911649489810e-01,1.116788762778942179e-01,1.590703163453890999e-04
1.005208333333333215e+01,4.462017206639093958e-01,1.114302523489911906e-01,1.811907354127878142e-04
1.006250000000000000e+01,4.465322110236866759e-01,1.107674680461701311e-01,1.661157365799451405e-04
1.007291666666666607e+01,4.457566474867477591e-01,1.103233378689963962e-01,2.014917394474104065e-04
1.008333333333333215e+01,4.456846302265912718e-01,1.100515391082906164e-01,2.068383408414711637e-04
1.009375000000000000e+01,4.453626233579213167e-01,1.095215737043885584e-01,1.983256973475541957e-04
1.010416666666666607e+01,4.448919132187617032e-01,1.090080428626743481e-01,1.760989498815771696e-04
1.011458333333333215e+01,4.449488343631072262e-01,1.085413732386059926e-01,1.826838582877271847e-04
1.012500000000000000e+01,4.450615408357996294e-01,1.082766423678578893e-01,2.090787625082529016e-04
1.013541666666666607e+01,4.450749078993518348e-01,1.078883806469060069e-01,1.647678557889105378e-04
1.014583333333333215e+01,4.457623829915897118e-01,1.076073030007877046e-01,2.286703158763552554e-04
1.015625000000000000e+01,4.457148879833297550e-01,1.073500077649661016e-01,1.643813535229589101e-04
1.016666666666666607e+01,4.458120011738161970e-01,1.068984110272168386e-01,1.664022855443577005e-04
1.017708333333333215e+01,4.458600165608456734e-01,1.062893568127710464e-01,2.178392472758442497e-04
1.018750000000000000e+01,4.464561328909660287e-01,1.060413075501325103e-01,1.986751892820349424e-04
1.019791666666666607e+01,4.466974423285592910e-01,1.055731519598272078e-01,2.092895763841891375e-04
1.020833333333333215e+01,4.468673684840664406e-01,1.051197947159852458e-01,1.789550542674145199e-04
1.021875000000000000e+01,4.462526516238358165e-01,1.049091974579944297e-01,1.882274643366535309e-04
1.022916666666666607e+01,4.464686069079356612e-01,1.043640444306616344e-01,1.514044491720914238e-04
1.023958333333333215e+01,4.469723359258163109e-01,1.039900667575608673e-01,1.092268232618958708e-04
1.025000000000000000e+01,4.477122162899618285e-01,1.035541953594707187e-01,1.823270354132644749e-04
1.026041666666666607e+01,4.486961566999213558e-01,1.031527224438609086e-01,1.083233115949607840e-04
1.027083333333333215e+01,4.490024344488477426e-01,1.025627230714090954e-01,1.299837957579278596e-04
1.028125000000000000e+01,4.494709329090922356e-01,1.020806492061908100e-01,8.892737745425671769e-05
1.029166666666666607e+01,4.499931055036623384e-01,1.018638287997093439e-01,1.005516534949225975e-04
1.030208333333333215e+01,4.500514749553949923e-01,1.018269272154660038e-01,1.133257292319819726e-04
1.031250000000000000e+01,4.513701429480011518e-01,1.014557414707973337e-01,1.411864386103382481e-04
1.032291666666666607e+01,4.521200894240277601e-01,1.013897596256232714e-01,1.507742362518839992e-04
1.033333333333333215e+01,4.513757489712270088e-01,1.011868339372383740e-01,1.099192138687987176e-04
1.034375000000000000e+01,4.521861815797781903e-01,1.009514788003509078e-01,7.924007430797858705e-05
1.035416666666666607e+01,4.521050333920704212e-01,1.004589350994085500e-01,9.578137563645423001e-05
1.036458333333333215e+01,4.530409928124156660e-01,1.001996965000873374e-01,1.205880737225364626e-04
1.037500000000000000e+01,4.533730046264503044e-01,1.000752170650123923e-01,1.077592469341537849e-04
1.038541666666666607e+01,4.538977895254229789e-01,9.989562743724422766e-02,1.136305850826947169e-04
1.039583333333333215e+01,4.532486023264786779e-01,9.982351246834379743e-02,8.356560084755674394e-05
1.040625000000000000e+01,4.530149915962065066e-01,9.957153287100718730e-02,5.526904418246060308e-05
1.041666666666666607e+01,4.527350959028698107e-01,9.943306768385824779e-02,2.633767924573975479e-05
1.042708333333333215e+01,4.528591288615583244e-01,9.898149829249128229e-02,1.341252773745218774e-05
1.043750000000000000e+01,4.543211754414618886e-01,9.860982110895283315e-02,2.597759868081711191e-05
1.044791666666666607e+01,4.546276473618665603e-01,9.844396456538942464e-02,5.055236944416101204e-06
1.045833333333333215e+01,4.543309548463284053e-01,9.839806664906575184e-02,2.401199501931072775e-05
1.046875000000000000e+01,4.548361634527272046e-01,9.789821764508277457e-02,1.744335089049861535e-05
1.047916666666666607e+01,4.550995423189933553e-01,9.790986553218850030e-02,9.781870458519173264e-06
1.048958333333333215e+01,4.550437322072977131e-01,9.759406000954191918e-02,1.419220327199013233e-05
1.050000000000000000e+01,4.546828101366132135e-01,9.728695929215491756e-02,2.468818027687486077e-05
1.051041666666666607e+01,4.549460329389235502e-01,9.725301307427124120e-02,1.638948561665282849e-05
1.052083333333333215e+01,4.558785153195736295e-01,9.701151249435642498e-02,1.734497279999314281e-05
1.053125000000000000e+01,4.559332248469687432e-01,9.651162857044925936e-02,3.777248669173663886e-05
1.054166666666666607e+01,4.549626160325559998e-01,9.617462085608434463e-02,4.559181039433776082e-05
1.055208333333333215e+01,4.550169410864616237e-01,9.574663900321241095e-02,2.290394243674479479e-05
1.056250000000000000e+01,4.540449628029997187e-01,9.563877104497880977e-02,2.572996195998796472e-05
1.057291666666666607e+01,4.534611036014116747e-01,9.543868321228406171e-02,5.090192778516242360e-05
1.058333333333333215e+01,4.534568218266442075e-01,9.534459728606294038e-02,4.901333741237618282e-05
1.059375000000000000e+01,4.531358667881638103e-01,9.504546850101336375e-02,1.737405225014268908e-05
1.060416666666666607e+01,4.524910417474033997e-01,9.476747730734920439e-02,1.713953750251161537e-05
1.061458333333333215e+01,4.526398146889481500e-01,9.454187821340093167e-02,1.669022944128095433e-05
1.062500000000000000e+01,4.521969053180179277e-01,9.453667939444493351e-02,1.308142869495209799e-05
1.063541666666666607e+01,4.531017733851650520e-01,9.427395760476511843e-02,1.107747430301850416e-05
1.064583333333333215e+01,4.531476298046706042e-01,9.419602720618880376e-02,2.158944939846641887e-06
1.065625000000000000e+01,4.538078489641840241e-01,9.396574503405497047e-02,0.000000000000000000e+00
1.066666666666666607e+01,4.544055689596806502e-01,9.385538560400354113e-02,3.749162887147862075e-06
1.067708333333333215e+01,4.547983159016157351e-01,9.392810005943599827e-02,1.705036705375533832e-05
1.068750000000000000e+01,4.554578237078203973e-01,9.919490996230059809e-02,8.872825406079422079e-06
1.069791666666666607e+01,4.566308467493018219e-01,1.044439223376722736e-01,9.254712986575073516e-06
1.070833333333333215e+01,4.576814251718276938e-01,1.094512654160052223e-01,4.824674493550428541e-06
1.071875000000000000e+01,4.577051229196300586e-01,1.144559057041439482e-01,1.150190475431428907e-06
1.072916666666666607e+01,4.580028574890301907e-01,1.140481492267258201e-01,0.000000000000000000e+00
1.073958333333333215e+01,4.586443258486146979e-01,1.137786212141766867e-01,0.000000000000000000e+00
1.075000000000000000e+01,4.583224148450936730e-01,1.136027872553685009e-01,0.000000000000000000e+00
1.076041666666666607e+01,4.577503128401682608e-01,1.134325004623754907e-01,1.025928707545705727e-05
1.077083333333333215e+01,4.577009688874556503e-01,1.128886483424887538e-01,2.034888449821431415e-05
1.078125000000000000e+01,4.568879961150313362e-01,1.126088246413797372e-01,3.476007590936504922e-05
1.079166666666666607e+01,4.571371949186369132e-01,1.125173928693209285e-01,2.567503424772056252e-05
1.080208333333333215e+01,4.573467269396335189e-01,1.119929157676733122e-01,0.000000000000000000e+00
1.081250000000000000e+01,4.571073857059232415e-01,1.119046661002339738e-01,0.000000000000000000e+00
1.082291666666666607e+01,4.578653643141245566e-01,1.117375819554083521e-01,0.000000000000000000e+00
1.083333333333333215e+01,4.585001258294753024e-01,1.113344549278089957e-01,0.000000000000000000e+00
1.084375000000000000e+01,4.584830880514444429e-01,1.111271982021689170e-01,1.536558090769227599e-05
1.085416666666666607e+01,4.583881709796484016e-01,1.107973935718207237e-01,1.065426890022855072e-05
1.086458333333333215e+01,4.584260526935239333e-01,1.104747275229454456e-01,2.555804954607702057e-05
1.087500000000000000e+01,4.591706409166309011e-01,1.105093706248578556e-01,3.571597997808392393e-05
1.088541666666666607e+01,4.583982001810047446e-01,1.102876834525093747e-01,2.009150287127989672e-05
1.089583333333333215e+01,4.593678919252354165e-01,1.101854776838888661e-01,2.629718571960810777e-05
1.090625000000000000e+01,4.590623877494931504e-01,1.099176844542536641e-01,1.396245389215565816e-05
1.091666666666666607e+01,4.608163363781607735e-01,1.096652237763496435e-01,6.368482188658671059e-05
1.092708333333333215e+01,4.611994570893051537e-01,1.094220039705447456e-01,7.902718721602928760e-05
1.093750000000000000e+01,4.621753188296121584e-01,1.088905953899156343e-01,6.509000598272755313e-05
1.094791666666666607e+01,4.620253173093010202e-01,1.088767383498044083e-01,5.221970775642261072e-05
1.095833333333333215e+01,4.637139569139739903e-01,1.087594285720612231e-01,3.349707303264660914e-05
1.096875000000000000e+01,4.637086278794782523e-01,1.083436428552971426e-01,7.473108499711276106e-07
1.097916666666666607e+01,4.633566941336706990e-01,1.078462080045604482e-01,1.053631168696460415e-05
1.098958333333333215e+01,4.641571788553475741e-01,1.073003572120840438e-01,5.949507117840756776e-05
1.100000000000000000e+01,4.639815425329155141e-01,1.070571805969241647e-01,4.856782309951712407e-05
1.101041666666666607e+01,4.642175049409317245e-01,1.065645870728526845e-01,3.635926824048292836e-05
1.102083333333333215e+01,4.645983311145272521e-01,1.064356762899548448e-01,1.403186431161253536e-05
1.103125000000000000e+01,4.655714597288336254e-01,1.059935505699527852e-01,8.544961544131177215e-06
1.104166666666666607e+01,4.658950714314647468e-01,1.055013805030937529e-01,2.965760009051815433e-05
1.105208333333333215e+01,4.661626202395251495e-01,1.052301439131257677e-01,5.002492292086997436e-06
1.106250000000000000e+01,4.661493705395139964e-01,1.047324485536361982e-01,0.000000000000000000e+00
1.107291666666666607e+01,4.667895651195288487e-01,1.043225135441961243e-01,2.217509411930861649e-05
1.108333333333333215e+01,4.669549757005247437e-01,1.040735051987230209e-01,5.896683056546981862e-05
1.109375000000000000e+01,4.676012749196316043e-01,1.035326797555321254e-01,6.254584197239063071e-05
1.110416666666666607e+01,4.680291155336114284e-01,1.033126745638218019e-01,6.744868558689794407e-05
1.111458333333333215e+01,4.683728106466181762e-01,1.029991867883555956e-01,4.482972473153228103e-05
1.112500000000000000e+01,4.688298015089296111e-01,1.021873668737066781e-01,3.668725267471542974e-05
1.113541666666666607e+01,4.695143941646319763e-01,1.017552148068842366e-01,1.340637825449136146e-05
1.114583333333333215e+01,4.694139555712480982e-01,1.015499130483644430e-01,2.836806094777402572e-05
1.115625000000000000e+01,4.696023245923694467e-01,1.011091442045107675e-01,1.804654210312731739e-06
1.116666666666666607e+01,4.705537191730894131e-01,1.007498976345064939e-01,1.005177289913704665e-05
1.117708333333333215e+01,4.701892234594914344e-01,1.004203228443882046e-01,4.212497889921478519e-05
1.118750000000000000e+01,4.705101230717007033e-01,1.001432295962352143e-01,4.630134297227300088e-05
1.119791666666666607e+01,4.701725505379726333e-01,9.985081958515171219e-02,4.531202977025030693e-05
1.120833333333333215e+01,4.692048118487865405e-01,9.926708446076575043e-02,7.245476633676603908e-05
1.121875000000000000e+01,4.682790697258247259e-01,9.875870357864909022e-02,4.636067118552588274e-05
1.122916666666666607e+01,4.675120186039479764e-01,9.853380325138356988e-02,4.944984661353042730e-05
1.123958333333333215e+01,4.670524360513358952e-01,9.805901239873994479e-02,7.369201914867155206e-05
1.125000000000000000e+01,4.665731593822154410e-01,9.772482120416099705e-02,5.721142428338603109e-05
1.126041666666666607e+01,4.668221729171530554e-01,9.725817013589252436e-02,3.343253417515525485e-05
1.127083333333333215e+01,4.675311034584098691e-01,9.694099932598893021e-02,3.758220023348625221e-05
1.128125000000000000e+01,4.682707147461894759e-01,9.665029345894322887e-02,4.887397374784215628e-05
1.129166666666666607e+01,4.682980585585183042e-01,9.622092025405519500e-02,5.868067236178496876e-05
1.130208333333333215e+01,4.683471196846812346e-01,9.619079125515118955e-02,2.461835107654730995e-05
1.131250000000000000e+01,4.696596113323882049e-01,9.601952628591153838e-02,3.014696611335742477e-05
1.132291666666666607e+01,4.691603871924174274e-01,9.568251754539590370e-02,3.531737972490898129e-05
1.133333333333333215e+01,4.694708652701369278e-01,9.551782456153658230e-02,3.036899850296030155e-05
1.134375000000000000e+01,4.692992349254020423e-01,9.554043454886208819e-02,2.877099249652549353e-05
1.135416666666666607e+01,4.705844984946040421e-01,9.528281807482112675e-02,2.055928422579503411e-05
1.136458333333333215e+01,4.705705845945469812e-01,9.503255966706486424e-02,2.448415882855573014e-05
1.137500000000000000e+01,4.701353839604338614e-01,9.490775818110540329e-02,6.725115616720572385e-05
1.138541666666666607e+01,4.696914513285065929e-01,9.455174494473934932e-02,6.676837632221574816e-05
1.139583333333333215e+01,4.702511391713976585e-01,9.436631922472979439e-02,5.567125676518114123e-05
1.140625000000000000e+01,4.702854388502440419e-01,9.437706880110313667e-02,9.154348093445334130e-05
1.141666666666666607e+01,4.707062231517280537e-01,9.432643959913553089e-02,8.864203053049215218e-05
1.142708333333333215e+01,4.710834989930595129e-01,9.421514705132270906e-02,8.122937758153223411e-05
1.143750000000000000e+01,4.708144294107978189e-01,9.407568167344762533e-02,7.830639838985749930e-05
1.144791666666666607e+01,4.709255936803563025e-01,9.387738625089347977e-02,2.727675924054056271e-05
1.145833333333333215e+01,4.708149048859842645e-01,9.379036368250619204e-02,1.032284646027414396e-05
1.146875000000000000e+01,4.719210895547356066e-01,9.370660851783912948e-02,1.886129344994172064e-06
1.147916666666666607e+01,4.729809046476794454e-01,9.341357224690231831e-02,2.468735355920755520e-07
1.148958333333333215e+01,4.730739653592531124e-01,9.307186236033648807e-02,0.000000000000000000e+00
1.150000000000000000e+01,4.728827073392130043e-01,9.291816762053284329e-02,2.850209796463892294e-05
1.151041666666666607e+01,4.725768264566368448e-01,9.271044531789937593e-02,5.621542619651299729e-06
1.152083333333333215e+01,4.727278012432672982e-01,9.262401721570928670e-02,4.535616691075482408e-06
1.153125000000000000e+01,4.729640065654581726e-01,9.254286528567338965e-02,8.394218743309476134e-06
1.154166666666666607e+01,4.735334146761638885e-01,9.252508730445165031e-02,0.000000000000000000e+00
1.155208333333333215e+01,4.740322191452157607e-01,9.203783473805240978e-02,3.536311518229470953e-06
1.156250000000000000e+01,4.743887123534257233e-01,9.192046060658751183e-02,1.087143112928661515e-05
1.157291666666666607e+01,4.744796917120144286e-01,9.171500269906797398e-02,0.000000000000000000e+00
1.158333333333333215e+01,4.742269301503522216e-01,9.127537285375948717e-02,0.000000000000000000e+00
1.159375000000000000e+01,4.744376366618308638e-01,9.121674661854317634e-02,9.848120699639695810e-07
1.160416666666666607e+01,4.760202028051582768e-01,9.071204437390713304e-02,4.249285644196018982e-05
1.161458333333333215e+01,4.757910343910691231e-01,9.052886960443158604e-02,7.262807305164589212e-05
1.162500000000000000e+01,4.747676160739974782e-01,9.008175566251841460e-02,4.954245193061481242e-05
1.163541666666666607e+01,4.751192763134294839e-01,8.974530705540882669e-02,1.912693429055218022e-05
1.164583333333333215e+01,4.756578832458338568e-01,8.958047470220852071e-02,3.575132058059838041e-05
1.165625000000000000e+01,4.766348210285785703e-01,8.927539775353751650e-02,2.843387663963861398e-05
1.166666666666666607e+01,4.776327759936813688e-01,8.947241614047642122e-02,3.326700965920228981e-05
1.167708333333333215e+01,4.784465386959375066e-01,8.925996578389551461e-02,4.162123702795315970e-05
1.168750000000000000e+01,4.788615664113063386e-01,8.915973407326711897e-02,5.359245018591557550e-06
1.169791666666666607e+01,4.792121858836544956e-01,8.873431238683611444e-02,3.324113938407680623e-05
1.170833333333333215e+01,4.793728540604995092e-01,8.846694056455459143e-02,5.201531802280890906e-05
1.171875000000000000e+01,4.795945251605076565e-01,8.826412392375526661e-02,5.317220817915753190e-05
1.172916666666666607e+01,4.797050333098971109e-01,8.821923209462612103e-02,2.746861672753386465e-05
1.173958333333333215e+01,4.810423464637065272e-01,8.791469427395993963e-02,3.087262018118600005e-05
1.175000000000000000e+01,4.813264804458338153e-01,8.774973362217176887e-02,2.832037862111469185e-05
1.176041666666666607e+01,4.827430128112659702e-01,8.741933584299843574e-02,9.753943030028274313e-06
1.177083333333333215e+01,4.833847935724675526e-01,8.724292514176448798e-02,2.108186107569120859e-05
1.178125000000000000e+01,4.833369657000176622e-01,9.258957552990851325e-02,2.934021805936202725e-05
1.179166666666666607e+01,4.839185775280592794e-01,9.802876311670483123e-02,5.950330505558376432e-06
1.180208333333333215e+01,4.845944380896223813e-01,1.037698482593823329e-01,4.122328917222993196e-05
1.181250000000000000e+01,4.842189913055262029e-01,1.092729167637831456e-01,3.308127554817642953e-05
1.182291666666666607e+01,4.841961235004654251e-01,1.148708509575719627e-01,4.827961935548100820e-05
1.183333333333333215e+01,4.847341736519782396e-01,1.203240854648705144e-01,4.065671672063988042e-05
1.184375000000000000e+01,4.857739095820483577e-01,1.196976892818739646e-01,3.593550631995848113e-05
1.185416666666666607e+01,4.860216439072732042e-01,1.191888498073712804e-01,3.510119718618104063e-05
1.186458333333333215e+01,4.871955864938485314e-01,1.188383804554522527e-01,4.685336048943675001e-05
1.187500000000000000e+01,4.877498925296048227e-01,1.186721217062809419e-01,3.220709892409018385e-05
1.188541666666666607e+01,4.868651830442615180e-01,1.183779603461886931e-01,2.349809982512949023e-05
1.189583333333333215e+01,4.872370823462643941e-01,1.182125753296671689e-01,2.403155391012922452e-05
1.190625000000000000e+01,4.874476997060784855e-01,1.180494469941357344e-01,3.585676179194213981e-05
1.191666666666666607e+01,4.873885308505474523e-01,1.176622903033920919e-01,5.684486183161134549e-05
1.192708333333333215e+01,4.881249240895800812e-01,1.176302699806528740e-01,5.202115075819197025e-05
1.193750000000000000e+01,4.879078160880421233e-01,1.174962709683780443e-01,9.356886696782932373e-05
1.194791666666666607e+01,4.891928322881581859e-01,1.172822229565368829e-01,1.623836572588173248e-04
1.195833333333333215e+01,4.892428554497424420e-01,1.168019042531336232e-01,1.374800319505725774e-04
1.196875000000000000e+01,4.905038626651264111e-01,1.167400249638648468e-01,1.097960544923885106e-04
1.197916666666666607e+01,4.902193194958850975e-01,1.162823543965800510e-01,1.059605835916894138e-04
1.198958333333333215e+01,4.909814376963584359e-01,1.156098519299319644e-01,1.715397377859266841e-04
1.200000000000000000e+01,4.906382264523764247e-01,1.153592670388814412e-01,1.792711625804748788e-04
1.201041666666666607e+01,4.908372217398105919e-01,1.148840541374714225e-01,1.554057770259803766e-04
1.202083333333333215e+01,4.908246867162848748e-01,1.146177153383592939e-01,1.567040080343028467e-04
1.203125000000000000e+01,4.914945463809871629e-01,1.140742196997792668e-01,1.434063827248897329e-04
1.204166666666666607e+01,4.917141167825699877e-01,1.139097097287832538e-01,1.461316158393736108e-04
1.205208333333333215e+01,4.908855180719868261e-01,1.138541132394006172e-01,1.558684539244368627e-04
1.206250000000000000e+01,4.914248574962847282e-01,1.133859582000928401e-01,1.323091747838989662e-04
1.207291666666666607e+01,4.925704975443279676e-01,1.129993569590649199e-01,1.566245135371433482e-04
1.208333333333333215e+01,4.927325904668098389e-01,1.126853703500731441e-01,1.813633051811625995e-04
1.209375000000000000e+01,4.941968215589271352e-01,1.122941642887816671e-01,1.895565733603687714e-04
1.210416666666666607e+01,4.938702174945213685e-01,1.121105604776876513e-01,1.901727587002839215e-04
1.211458333333333215e+01,4.943984715919431117e-01,1.116610868895219627e-01,1.882658822809966210e-04
1.212500000000000000e+01,4.953031187793970336e-01,1.108860892223171440e-01,1.395320210205678463e-04
1.213541666666666607e+01,4.949046883367628213e-01,1.107516394545172422e-01,1.268636302999834385e-04
1.214583333333333215e+01,4.954266126336626663e-01,1.104746847154110673e-01,1.385255845808483206e-04
1.215625000000000000e+01,4.961859729334159863e-01,1.101470189573218322e-01,1.210752722462373019e-04
1.216666666666666607e+01,4.965488463470566494e-01,1.099630037337328559e-01,1.482762333564173072e-04
1.217708333333333215e+01,4.966927550865189445e-01,1.092787199516788155e-01,1.099951284304807072e-04
1.218750000000000000e+01,4.966343211815558711e-01,1.086529780682415069e-01,8.481484893789275302e-05
1.219791666666666607e+01,4.966240700392561269e-01,1.085605023643565481e-01,8.914078900140073023e-05
1.220833333333333215e+01,4.973998867979499972e-01,1.080616203282141058e-01,4.951155539783128268e-05
1.221875000000000000e+01,4.970573278683427798e-01,1.077199643558550413e-01,7.742876231329699825e-06
1.222916666666666607e+01,4.975119818359824420e-01,1.072501041237863412e-01,0.000000000000000000e+00
1.223958333333333215e+01,4.977670297969816748e-01,1.069592157558041934e-01,6.037278246127827287e-06
1.225000000000000000e+01,4.984034523015747897e-01,1.065275156279618385e-01,0.000000000000000000e+00
1.226041666666666607e+01,4.991384727804166754e-01,1.061619853477902414e-01,1.490130096505906992e-07
1.227083333333333215e+01,4.982521413630238150e-01,1.058937386492923155e-01,0.000000000000000000e+00
1.228125000000000000e+01,4.968622970021123186e-01,1.055826926926441145e-01,2.174591450459027653e-07
1.229166666666666607e+01,4.970928849472711630e-01,1.054680369754966568e-01,1.922173516883204195e-05
1.230208333333333215e+01,4.970668963913292271e-01,1.052648647207924115e-01,3.502638946610142149e-06
1.231250000000000000e+01,4.969044956023369597e-01,1.052270193734757692e-01,2.920900589659114894e-05
1.232291666666666607e+01,4.973875459212421801e-01,1.048967507107585601e-01,0.000000000000000000e+00
1.233333333333333215e+01,4.968719965190840915e-01,1.045033344284245491e-01,2.038530706844967635e-05
1.234375000000000000e+01,4.968537853140860827e-01,1.042171954404703671e-01,2.722720442586887732e-05
1.235416666666666607e+01,4.978555970594019664e-01,1.037733540500799245e-01,4.972019696167571365e-06
1.236458333333333215e+01,4.983355011183161487e-01,1.037057489031500135e-01,0.000000000000000000e+00
1.237500000000000000e+01,4.984927117447267020e-01,1.033124426551316338e-01,2.544444202524470713e-05
1.238541666666666607e+01,4.996181252338386392e-01,1.028898665837492538e-01,2.340022875902298153e-06
1.239583333333333215e+01,5.005005388010117517e-01,1.026455878003990352e-01,0.000000000000000000e+00
1.240625000000000000e+01,5.011028758115535497e-01,1.025296277359868391e-01,0.000000000000000000e+00
1.241666666666666607e+01,5.010165226053218124e-01,1.021996292408063473e-01,3.811180446266797039e-05
1.242708333333333215e+01,5.023550832834989821e-01,1.019186273523775971e-01,2.801076214224276014e-05
1.243750000000000000e+01,5.025492650427186847e-01,1.016101322396779222e-01,7.369476996006441840e-05
1.244791666666666607e+01,5.027527462925361901e-01,1.012573817599164705e-01,1.016332116334991173e-04
1.245833333333333215e+01,5.035028816980188227e-01,1.012066347962855967e-01,1.079477964963055986e-04
1.246875000000000000e+01,5.031673927479806130e-01,1.010380243677806988e-01,1.232893349751048423e-04
1.247916666666666607e+01,5.028824999627653503e-01,1.006551791133950824e-01,9.939295840304691995e-05
1.248958333333333215e+01,5.028033775378941694e-01,1.001288801110488819e-01,9.099951332728648077e-05
1.250000000000000000e+01,5.036241263391385559e-01,1.000786167538105370e-01,8.845155212194120834e-05
1.251041666666666607e+01,5.044764701873980517e-01,9.978410565989986880e-02,7.995356749675447546e-05
1.252083333333333215e+01,5.043601013029967994e-01,9.926739019964475608e-02,8.211151646884737158e-05
1.253125000000000000e+01,5.037358505463882530e-01,9.899403338813869691e-02,1.341514126412562036e-04
1.254166666666666607e+01,5.038834438862760390e-01,9.878127700775407583e-02,1.262087009026356221e-04
1.255208333333333215e+01,5.045153497162716549e-01,9.865006290558463176e-02,1.253554750044832652e-04
1.256250000000000000e+01,5.047404922072392663e-01,9.850316893477815972e-02,1.452012633625144895e-04
1.257291666666666607e+01,5.044283841520806888e-01,9.839735887054530672e-02,2.063518296729666579e-04
1.258333333333333215e+01,5.054968686485200591e-01,9.790538474941361258e-02,1.346991295122792706e-04
1.259375000000000000e+01,5.051228075404741169e-01,9.756586126836797046e-02,1.335568345293555931e-04
1.260416666666666607e+01,5.063789443289867798e-01,9.733801849305065423e-02,1.617932784898013432e-04
1.261458333333333215e+01,5.071016630611443476e-01,9.730931263690448252e-02,2.000898953855839019e-04
1.262500000000000000e+01,5.074668761985513532e-01,9.716866949694991096e-02,2.526186625388818024e-04
1.263541666666666607e+01,5.069920792039489532e-01,9.703541779993275773e-02,2.325265575446306245e-04
1.264583333333333215e+01,5.072198086448987953e-01,9.702415113406792635e-02,2.321899383053878103e-04
1.265625000000000000e+01,5.079514537254711248e-01,9.697196651463579897e-02,2.330923343553210556e-04
1.266666666666666607e+01,5.082850714123795521e-01,9.676140382163118947e-02,2.059229942871530295e-04
1.267708333333333215e+01,5.086592207612913308e-01,9.662035752192650595e-02,1.740222278276535477e-04
1.268750000000000000e+01,5.084994430339984106e-01,9.644396148871316188e-02,1.870317988205626408e-04
1.269791666666666607e+01,5.087255289002562408e-01,1.020682283474818319e-01,2.330564690950093774e-04
1.270833333333333215e+01,5.098605000457415715e-01,1.076420156629376707e-01,2.151009384339552159e-04
1.271875000000000000e+01,5.094456443240859000e-01,1.134158047904324229e-01,1.977854695269451739e-04
1.272916666666666607e+01,5.104172696074111837e-01,1.131261990639706866e-01,1.271451614098012724e-04
1.273958333333333215e+01,5.106366738777440295e-01,1.127425709738639481e-01,1.373346515538753838e-04
1.275000000000000000e+01,5.115847983310328750e-01,1.126522353594046899e-01,1.801214637705566993e-04
1.276041666666666607e+01,5.115827453043068074e-01,1.124050485872048755e-01,1.451622998291368909e-04
1.277083333333333215e+01,5.123043403576179600e-01,1.119797538480844373e-01,1.320148481955813304e-04
1.278125000000000000e+01,5.133460186388395519e-01,1.118089203971580764e-01,1.874813606015683838e-04
1.279166666666666607e+01,5.138319106819329019e-01,1.116229404989977775e-01,1.769348372984722658e-04
1.280208333333333215e+01,5.140945412698313399e-01,1.111218837304953494e-01,1.691666669845595151e-04
1.281250000000000000e+01,5.151677769162686937e-01,1.106811219532677359e-01,1.270798922340509048e-04
1.282291666666666607e+01,5.154329043620691220e-01,1.102038785434037438e-01,9.868960469420329619e-05
1.283333333333333215e+01,5.156452307000315427e-01,1.101524823355532340e-01,1.648283180254665043e-04
1.284375000000000000e+01,5.151899962678484490e-01,1.098376980182505236e-01,1.347892237251574726e-04
1.285416666666666607e+01,5.158018238279651335e-01,1.094871221395977423e-01,1.552511390081663277e-04
1.286458333333333215e+01,5.155423627065005565e-01,1.090671474675472263e-01,1.381314853077248567e-04
1.287500000000000000e+01,5.165304800038723609e-01,1.084297147623293905e-01,1.941846718446997968e-04
1.288541666666666607e+01,5.168025691333063554e-01,1.081811784277829924e-01,1.911506025014708177e-04
1.289583333333333215e+01,5.171338064501211917e-01,1.080241885157109255e-01,2.158750541313363244e-04
1.290625000000000000e+01,5.173823368996124383e-01,1.076775685373359548e-01,1.367728173557900765e-04
1.291666666666666607e+01,5.177533766773049217e-01,1.074372980529970795e-01,1.529770186612815816e-04
1.292708333333333215e+01,5.176824261278670791e-01,1.072507668806174375e-01,1.254515578655780077e-04
1.293750000000000000e+01,5.176343669165720529e-01,1.068257822425615761e-01,1.733358880191243189e-04
1.294791666666666607e+01,5.185734089020638260e-01,1.066597349526661881e-01,1.734660675872565607e-04
1.295833333333333215e+01,5.193974277797893668e-01,1.060554701168292674e-01,1.507533514225277405e-04
1.296875000000000000e+01,5.188753072866407745e-01,1.054423741875100407e-01,9.791536496710933658e-05
1.297916666666666607e+01,5.189437104500131959e-01,1.051793083579716653e-01,6.366029688582001576e-05
1.298958333333333215e+01,5.190094832838818562e-01,1.043861696273260670e-01,2.793336747112594822e-05
1.300000000000000000e+01,5.188736673574440017e-01,1.042038737753239047e-01,5.385994688243977990e-05
1.301041666666666607e+01,5.185441336093709053e-01,1.038005686937504002e-01,6.846421371747400274e-05
1.302083333333333215e+01,5.191163068443114259e-01,1.034733557618971733e-01,7.728568822977750568e-05
1.303125000000000000e+01,5.202206837047739230e-01,1.030446245608613171e-01,8.290310648405360553e-05
1.304166666666666607e+01,5.197744579305060286e-01,1.026492632807247674e-01,3.548419414582353043e-05
1.305208333333333215e+01,5.201856501753843176e-01,1.025169512011960965e-01,4.256478020405802436e-05
1.306250000000000000e+01,5.203886359955233187e-01,1.021081795586795959e-01,5.793508627523632451e-05
1.307291666666666607e+01,5.215135607659091566e-01,1.017555749660818826e-01,3.783382086546205813e-05
1.308333333333333215e+01,5.211992422512018441e-01,1.014011224723553317e-01,5.608765026112914957e-05
1.309375000000000000e+01,5.215614721299161038e-01,1.009967392201100850e-01,4.876668923282195914e-05
1.310416666666666607e+01,5.217218567771354509e-01,1.007651136613790105e-01,6.741273646800925528e-05
1.311458333333333215e+01,5.229774093258960921e-01,1.005542970960047605e-01,3.421400851653736417e-06
1.312500000000000000e+01,5.232770214039575984e-01,9.995573678250746497e-02,1.849953802921425303e-05
1.313541666666666607e+01,5.240600214213959607e-01,9.959780003010364202e-02,3.367810974854480450e-05
1.314583333333333215e+01,5.242817770050726134e-01,9.923448500216894286e-02,5.505222635165385177e-05
1.315625000000000000e+01,5.249520806258407557e-01,9.882831543113201889e-02,1.751223637458057146e-05
1.316666666666666607e+01,5.253537207534545450e-01,9.846957610833768915e-02,0.000000000000000000e+00
1.317708333333333215e+01,5.263006850153595373e-01,9.803247412660311133e-02,2.138279105187833198e-05
1.318750000000000000e+01,5.271326677839999197e-01,9.759852568424222385e-02,3.428523965699691273e-05
1.319791666666666607e+01,5.269690362261117977e-01,9.700967096555808411e-02,7.296477368440275953e-05
1.320833333333333215e+01,5.276949728032152009e-01,9.629663887733047600e-02,6.288050087736628344e-05
1.321875000000000000e+01,5.282715269050124451e-01,9.585136693667241359e-02,7.545021739535991048e-05
1.322916666666666607e+01,5.290227091948525029e-01,9.557286428464800698e-02,6.553174966189696490e-05
1.323958333333333215e+01,5.290748211625877495e-01,9.513182087639603102e-02,7.660964753363859122e-05
1.325000000000000000e+01,5.290224458352928982e-01,9.490860810088889987e-02,1.125024337450471234e-04
1.326041666666666607e+01,5.284938852554881272e-01,9.459509807554897232e-02,8.750208492861042602e-05
1.327083333333333215e+01,5.280529019554631720e-01,9.418348121241990056e-02,9.010035380623007619e-05
1.328125000000000000e+01,5.280439626509504381e-01,9.389335595341508078e-02,1.063710849396740435e-04
1.329166666666666607e+01,5.279467040191306859e-01,9.344718458779309456e-02,1.218853748363298787e-04
1.330208333333333215e+01,5.284743655891567249e-01,9.338131426432182136e-02,1.357617093994555502e-04
1.331250000000000000e+01,5.278604067592521654e-01,9.323756248622196152e-02,8.300846623938462653e-05
1.332291666666666607e+01,5.275107183209531980e-01,9.294203843368063767e-02,8.828635864393502672e-05
1.333333333333333215e+01,5.281274991223526838e-01,9.272421711902757713e-02,1.002005703797126683e-04
1.334375000000000000e+01,5.288396220762717759e-01,9.244680899200609370e-02,1.101081571914886770e-04
1.335416666666666607e+01,5.302259731647119834e-01,9.253059134675140074e-02,1.339899910431778822e-04
1.336458333333333215e+01,5.298356251593440147e-01,9.217646724830245997e-02,1.246696146045284798e-04
1.337500000000000000e+01,5.299066262045615261e-01,9.184170409708904137e-02,1.521969514223137402e-04
1.338541666666666607e+01,5.312622663891447550e-01,9.155252432572116850e-02,1.131751710212810532e-04
1.339583333333333215e+01,5.318512933980705792e-01,9.127929286082202276e-02,9.474228853494155353e-05
1.340625000000000000e+01,5.322031117042586024e-01,9.113748551216145632e-02,7.126791552461027280e-05
1.341666666666666607e+01,5.322996497119654169e-01,9.078497709050323272e-02,6.694792187603192720e-05
1.342708333333333215e+01,5.319960552899386519e-01,9.047829769824777824e-02,4.103317249010929812e-05
1.343750000000000000e+01,5.327462224185213202e-01,9.014374809459804738e-02,8.939269252749728982e-05
1.344791666666666607e+01,5.334429815655012952e-01,8.992367220449107301e-02,1.193604623154627501e-04
1.345833333333333215e+01,5.341709712527998866e-01,8.975387182704229472e-02,9.793196457493717061e-05
1.346875000000000000e+01,5.343840920833528019e-01,8.946607973664509605e-02,8.200266198456757755e-05
1.347916666666666607e+01,5.345512041640118062e-01,8.924414595958435337e-02,7.231814794043807902e-05
1.348958333333333215e+01,5.343575126115018836e-01,8.891179563659767915e-02,4.928145644142419213e-05
1.350000000000000000e+01,5.342699248561398884e-01,8.866006235913728717e-02,5.582892107746369143e-05
1.351041666666666607e+01,5.339798951289539408e-01,8.834231284815838303e-02,6.312513127548537173e-05
1.352083333333333215e+01,5.338442696938718868e-01,8.805819199796664776e-02,1.148372768661415431e-04
1.353125000000000000e+01,5.340666953180682741e-01,8.780873811939822471e-02,7.788044310519390083e-05
1.354166666666666607e+01,5.350842837483539283e-01,8.728406380132193443e-02,9.090503647658553031e-05
1.355208333333333215e+01,5.352517511291390306e-01,9.264706628122795773e-02,7.213796896293315521e-05
1.356250000000000000e+01,5.360867549514267694e-01,9.776447241377592134e-02,8.344726356353868570e-05
1.357291666666666607e+01,5.362449799685204965e-01,1.029454628213488654e-01,1.118106931756362635e-04
1.358333333333333215e+01,5.360875970826199932e-01,1.026779330732684042e-01,8.611796963958606038e-05
1.359375000000000000e+01,5.373659873446863244e-01,1.025060468160053501e-01,9.987977310170800111e-05
1.360416666666666607e+01,5.373501037332221175e-01,1.021907636661608526e-01,1.317922102903729934e-04
1.361458333333333215e+01,5.380494572436820278e-01,1.016791421050849548e-01,1.242178881347159240e-04
1.362500000000000000e+01,5.384755545692992973e-01,1.014536099544658676e-01,9.289532394243987313e-05
1.363541666666666607e+01,5.397358471077813302e-01,1.012395783860736420e-01,1.414435216083137188e-04
1.364583333333333215e+01,5.396809555316723905e-01,1.009666426497601993e-01,1.075186317626025011e-04
1.365625000000000000e+01,5.396355818501326063e-01,1.005852550162308900e-01,1.151858915985760998e-04
1.366666666666666607e+01,5.410744214309731737e-01,1.002916176165130208e-01,1.202179859544804714e-04
1.367708333333333215e+01,5.418751400945700514e-01,1.002503027019878562e-01,1.214678810024890141e-04
1.368750000000000000e+01,5.408525332301378219e-01,9.967193965086873497e-02,8.286012117984319460e-05
1.369791666666666607e+01,5.421806378542789462e-01,9.919907015712674248e-02,7.647703018160697608e-05
1.370833333333333215e+01,5.422381027369957973e-01,9.884376160178676152e-02,7.799038724054720856e-05
1.371875000000000000e+01,5.413868390758537208e-01,9.857340295976051159e-02,7.585596084614038871e-05
1.372916666666666607e+01,5.409556517376337137e-01,9.836793387675693556e-02,6.644362830589510538e-05
1.373958333333333215e+01,5.420142906649774162e-01,9.813466204470054632e-02,5.374927369995945549e-05
1.375000000000000000e+01,5.423053478534365368e-01,9.792875587000295090e-02,4.235017528128246205e-05
1.376041666666666607e+01,5.433088506035024245e-01,9.787266884831370695e-02,4.101985051173771975e-05
1.377083333333333215e+01,5.442883604852860602e-01,9.757873065123884304e-02,2.052335610574985137e-05
1.378125000000000000e+01,5.440830604642585833e-01,9.746298018942051167e-02,3.275794672699626204e-05
1.379166666666666607e+01,5.441539172673727220e-01,9.690328373066391110e-02,6.118271004249228894e-05
1.380208333333333215e+01,5.453667094265466364e-01,9.670844103272503711e-02,6.823873236209309539e-05
1.381250000000000000e+01,5.449768588255000656e-01,9.639001380452694168e-02,4.342246032565508820e-05
1.382291666666666607e+01,5.458053701925388301e-01,9.601171894222083891e-02,1.858661618039239213e-06
1.383333333333333215e+01,5.466290780771069224e-01,9.568074728862155376e-02,2.698235574014503084e-05
1.384375000000000000e+01,5.475920489703884897e-01,9.541563689692351968e-02,1.996800275744239580e-05
1.385416666666666607e+01,5.479204353505048308e-01,9.494654652919337634e-02,4.984993523468277116e-06
1.386458333333333215e+01,5.483543433116115917e-01,9.467159994027453396e-02,2.162713996012758868e-05
1.387500000000000000e+01,5.481492257174073179e-01,9.417453291565187901e-02,1.633068190128990430e-05
1.388541666666666607e+01,5.479046800938797146e-01,9.389348685349635515e-02,2.604485297997298005e-05
1.389583333333333215e+01,5.481919779766833978e-01,9.367260591466700093e-02,2.024609047254696069e-05
1.390625000000000000e+01,5.493060501620937730e-01,9.345946401730456654e-02,2.143214936365464443e-05
1.391666666666666607e+01,5.496988635251537358e-01,9.331845567214321069e-02,1.689545687100313338e-05
1.392708333333333215e+01,5.497072052290388200e-01,9.309312770826325134e-02,2.088207695984179352e-05
1.393750000000000000e+01,5.493839628803424135e-01,9.267084862927935096e-02,1.524352773825934229e-05
1.394791666666666607e+01,5.496983679997020644e-01,9.234839821168122631e-02,2.377268008347359826e-05
1.395833333333333215e+01,5.498426412843039346e-01,9.229843887145799952e-02,2.438340994774788770e-05
1.396875000000000000e+01,5.501136559612979093e-01,9.197305502889940865e-02,2.894148784449430658e-05
1.397916666666666607e+01,5.507968115335709625e-01,9.176414842993224630e-02,6.260440410740019724e-05
1.398958333333333215e+01,5.509990162075328879e-01,9.101735776941416445e-02,8.487347072102818140e-05
